trial,id,phase,drive_counts,request_s,completion_s,position_raw,speed_rad_s,voltage_v,temperature_c,current_raw,status,segment_index,torque_enabled
0,4,pulse,25,1.098474062,1.104506109,2030,0.000000000,11.900,49,0,0,0,true
0,5,pulse,25,1.110544566,1.116647251,2205,0.076699039,12.000,48,0,0,0,true
0,6,pulse,25,1.122550817,1.128549676,1890,0.000000000,11.800,48,14,0,0,true
0,7,pulse,25,1.134480616,1.140445512,2124,0.000000000,11.900,48,0,0,0,true
0,8,pulse,25,1.146342556,1.152583053,2312,0.000000000,12.000,47,44,0,0,true
0,9,pulse,25,1.158660134,1.164461263,2446,0.000000000,12.000,48,41,0,0,true
0,10,pulse,25,1.170572124,1.176519795,2289,0.000000000,11.900,49,0,0,0,true
0,11,pulse,25,1.182408943,1.188391238,2403,0.000000000,12.100,48,39,0,0,true
0,12,pulse,25,1.194476365,1.200557445,2277,0.000000000,12.000,47,0,0,0,true
0,4,pulse,25,1.206439553,1.212418039,2030,0.000000000,11.900,49,0,0,0,true
0,5,pulse,25,1.218361200,1.224459772,2205,0.000000000,12.000,48,0,0,0,true
0,6,pulse,25,1.230504535,1.236523092,1890,0.000000000,11.800,48,14,0,0,true
0,7,pulse,25,1.242524665,1.248564116,2124,0.000000000,11.900,48,0,0,0,true
0,8,pulse,25,1.254499682,1.260460134,2312,0.000000000,12.000,47,45,0,0,true
0,9,pulse,25,1.266407400,1.272522252,2447,0.000000000,12.000,48,42,0,0,true
0,10,pulse,25,1.278594201,1.284422484,2289,0.000000000,11.900,49,0,0,0,true
0,11,rest,0,1.302459340,1.308455100,2403,0.000000000,12.100,48,36,0,1,true
0,12,rest,0,1.314284782,1.320631852,2277,0.000000000,12.000,47,0,0,1,true
0,4,rest,0,1.326356942,1.332353747,2030,0.000000000,11.900,49,0,0,1,true
0,5,rest,0,1.338340850,1.344414377,2205,0.000000000,12.000,48,0,0,1,true
0,6,rest,0,1.350354898,1.356636667,1890,0.000000000,11.800,48,11,0,1,true
0,7,rest,0,1.362479107,1.368454517,2124,0.000000000,12.000,48,0,0,1,true
0,8,rest,0,1.374591083,1.380349345,2312,0.000000000,12.000,47,40,0,1,true
0,9,rest,0,1.386578473,1.392501661,2447,0.000000000,12.000,48,37,0,1,true
0,10,rest,0,1.399013967,1.404824847,2289,0.000000000,12.000,48,0,0,1,true
0,11,rest,0,1.410640111,1.416631869,2403,0.000000000,12.200,48,36,0,1,true
0,12,rest,0,1.422627851,1.428530296,2277,0.000000000,12.000,47,0,0,1,true
0,4,rest,0,1.434417201,1.440509573,2030,0.000000000,11.900,49,0,0,1,true
0,5,rest,0,1.446488355,1.452481145,2205,0.000000000,12.000,48,0,0,1,true
0,6,rest,0,1.458605795,1.464500792,1890,0.000000000,11.800,48,11,0,1,true
0,7,rest,0,1.470528148,1.476386513,2124,0.000000000,12.000,48,0,0,1,true
0,8,rest,0,1.482357626,1.488416360,2312,0.000000000,12.000,47,40,0,1,true
0,9,rest,0,1.494679107,1.500752301,2447,0.000000000,12.000,48,37,0,1,true
0,10,rest,0,1.506678965,1.512670068,2289,0.000000000,12.000,49,0,0,1,true
0,11,rest,0,1.518431541,1.524600522,2403,0.000000000,12.200,48,35,0,1,true
0,12,rest,0,1.530629065,1.536780403,2277,0.000000000,12.000,47,0,0,1,true
0,4,rest,0,1.542501155,1.548510531,2030,0.000000000,11.900,49,0,0,1,true
0,5,rest,0,1.554554813,1.560341591,2205,0.000000000,12.000,48,0,0,1,true
0,6,rest,0,1.566345034,1.572523121,1890,0.000000000,11.800,48,11,0,1,true
0,7,rest,0,1.578428881,1.584467770,2124,0.000000000,12.000,48,0,0,1,true
0,8,rest,0,1.590372556,1.596351995,2312,0.000000000,12.000,47,40,0,1,true
0,9,rest,0,1.602531261,1.608561370,2447,0.000000000,12.000,48,37,0,1,true
0,10,rest,0,1.614374128,1.620425496,2289,0.000000000,12.000,49,0,0,1,true
0,11,rest,0,1.626427257,1.632427201,2403,0.000000000,12.100,48,36,0,1,true
0,12,rest,0,1.638412178,1.644521180,2277,0.000000000,12.000,47,0,0,1,true
0,4,rest,0,1.650479760,1.656360265,2030,0.000000000,11.900,49,0,0,1,true
0,5,rest,0,1.662608587,1.668569101,2205,0.000000000,12.000,48,0,0,1,true
0,6,rest,0,1.674393731,1.680366957,1890,0.000000000,11.800,48,11,0,1,true
0,7,rest,0,1.686371749,1.692402520,2124,0.000000000,12.000,48,0,0,1,true
0,8,rest,0,1.698523633,1.704387480,2312,0.000000000,12.000,47,40,0,1,true
0,9,rest,0,1.710491056,1.716504903,2447,0.000000000,12.000,48,37,0,1,true
0,10,rest,0,1.722488014,1.728540105,2289,0.000000000,12.000,49,0,0,1,true
0,11,rest,0,1.734470093,1.740370929,2403,0.000000000,12.200,48,35,0,1,true
0,12,rest,0,1.746316470,1.752383897,2277,0.000000000,12.000,47,0,0,1,true
0,4,rest,0,1.758474171,1.764469694,2030,0.000000000,11.900,49,0,0,1,true
0,5,rest,0,1.770456956,1.776334564,2205,0.000000000,12.000,48,0,0,1,true
0,6,rest,0,1.782572590,1.788297341,1890,0.000000000,11.800,48,11,0,1,true
1,4,pulse,-25,2.370348662,2.376422477,2030,0.000000000,11.900,49,0,0,0,true
1,5,pulse,-25,2.382494500,2.388348919,2205,0.000000000,12.000,48,0,0,0,true
1,6,pulse,-25,2.394247693,2.400483791,1890,0.000000000,11.800,48,14,0,0,true
1,7,pulse,-25,2.406372366,2.412423819,2124,0.000000000,12.000,48,0,0,0,true
1,8,pulse,-25,2.418486619,2.424416919,2312,0.000000000,12.000,47,42,0,0,true
1,9,pulse,-25,2.430339334,2.436516468,2447,0.000000000,12.000,48,43,0,0,true
1,10,pulse,-25,2.442391254,2.448488505,2289,0.000000000,11.900,48,0,0,0,true
1,11,pulse,-25,2.454482763,2.460321324,2403,0.000000000,12.100,48,40,0,0,true
1,12,pulse,-25,2.466288522,2.472514163,2277,0.000000000,12.000,47,0,0,0,true
1,4,pulse,-25,2.478499699,2.484438252,2030,0.000000000,11.900,49,0,0,0,true
1,5,pulse,-25,2.490384921,2.496276093,2205,0.000000000,12.000,48,0,0,0,true
1,6,pulse,-25,2.502422194,2.508658811,1890,0.000000000,11.800,48,15,0,0,true
1,7,pulse,-25,2.514365643,2.520516769,2124,0.000000000,11.900,48,0,0,0,true
1,8,pulse,-25,2.526369304,2.532425439,2312,0.000000000,12.000,47,42,0,0,true
1,9,pulse,-25,2.538395352,2.544413897,2447,0.000000000,12.000,48,43,0,0,true
1,10,pulse,-25,2.550343136,2.556253916,2289,0.000000000,11.900,49,0,0,0,true
1,11,rest,0,2.574369235,2.580385647,2403,0.000000000,12.100,48,37,0,1,true
1,12,rest,0,2.586276067,2.592347444,2277,0.000000000,12.000,47,0,0,1,true
1,4,rest,0,2.598516294,2.604598787,2030,0.000000000,11.900,49,0,0,1,true
1,5,rest,0,2.610309113,2.616343751,2205,0.000000000,12.000,48,0,0,1,true
1,6,rest,0,2.622480673,2.628362462,1890,0.000000000,11.800,48,11,0,1,true
1,7,rest,0,2.634284274,2.640250937,2124,0.000000000,12.000,48,0,0,1,true
1,8,rest,0,2.646254989,2.652251633,2312,0.000000000,12.000,47,40,0,1,true
1,9,rest,0,2.658280784,2.664375953,2447,0.000000000,12.000,48,37,0,1,true
1,10,rest,0,2.670275426,2.676410663,2289,0.000000000,12.000,49,0,0,1,true
1,11,rest,0,2.682420813,2.688359661,2403,0.000000000,12.200,48,36,0,1,true
1,12,rest,0,2.694194816,2.700337310,2277,0.000000000,12.000,47,0,0,1,true
1,4,rest,0,2.706381091,2.712441164,2030,0.000000000,11.900,49,0,0,1,true
1,5,rest,0,2.718260585,2.724344246,2205,0.000000000,12.000,48,0,0,1,true
1,6,rest,0,2.730334240,2.736340129,1890,0.000000000,11.800,48,11,0,1,true
1,7,rest,0,2.742294596,2.748191737,2124,0.000000000,12.000,48,0,0,1,true
1,8,rest,0,2.754388853,2.760508179,2312,0.000000000,12.000,47,40,0,1,true
1,9,rest,0,2.766287338,2.772419277,2447,0.000000000,12.000,48,37,0,1,true
1,10,rest,0,2.778406728,2.784219223,2289,0.000000000,12.000,49,0,0,1,true
1,11,rest,0,2.790142613,2.796378443,2403,0.000000000,12.200,48,36,0,1,true
1,12,rest,0,2.802786106,2.808432411,2277,0.000000000,12.000,47,0,0,1,true
1,4,rest,0,2.814222582,2.820327409,2030,0.000000000,11.900,49,0,0,1,true
1,5,rest,0,2.826202018,2.832481817,2205,0.000000000,12.000,48,0,0,1,true
1,6,rest,0,2.838161533,2.844323319,1890,0.000000000,11.800,48,12,0,1,true
1,7,rest,0,2.850403317,2.856480337,2124,0.000000000,12.000,48,0,0,1,true
1,8,rest,0,2.862510772,2.868469649,2312,0.000000000,12.100,47,40,0,1,true
1,9,rest,0,2.874258851,2.880456578,2447,0.000000000,12.000,48,37,0,1,true
1,10,rest,0,2.886437339,2.892436295,2289,0.000000000,12.000,49,0,0,1,true
1,11,rest,0,2.898372232,2.904466140,2403,0.000000000,12.200,48,36,0,1,true
1,12,rest,0,2.910391128,2.916416742,2277,0.000000000,12.000,47,0,0,1,true
1,4,rest,0,2.922246062,2.928468364,2030,0.000000000,11.900,49,0,0,1,true
1,5,rest,0,2.934561071,2.940382374,2205,0.000000000,12.000,48,0,0,1,true
1,6,rest,0,2.946244185,2.952288950,1890,0.000000000,11.900,48,11,0,1,true
1,7,rest,0,2.958320044,2.964314461,2124,0.000000000,12.000,48,0,0,1,true
1,8,rest,0,2.970627065,2.976345863,2312,0.000000000,12.100,47,40,0,1,true
1,9,rest,0,2.982297488,2.988266943,2447,0.000000000,12.000,48,37,0,1,true
1,10,rest,0,2.994207689,3.000619169,2289,0.000000000,12.000,49,0,0,1,true
1,11,rest,0,3.006440742,3.012455228,2403,0.000000000,12.200,48,35,0,1,true
1,12,rest,0,3.018384168,3.024342901,2277,0.000000000,12.000,47,0,0,1,true
1,4,rest,0,3.030320187,3.036416765,2030,0.000000000,11.900,49,0,0,1,true
1,5,rest,0,3.042254719,3.048401045,2205,0.000000000,12.000,48,0,0,1,true
1,6,rest,0,3.054332147,3.060502848,1890,0.000000000,11.900,48,11,0,1,true
2,4,pulse,50,3.642170352,3.648199595,2030,0.000000000,11.900,49,0,0,0,true
2,5,pulse,50,3.654296374,3.660189611,2206,0.000000000,12.000,48,2,0,0,true
2,6,pulse,50,3.666188480,3.672248323,1890,0.000000000,11.800,48,18,0,0,true
2,7,pulse,50,3.678330116,3.684287339,2126,0.153398079,11.900,48,0,0,0,true
2,8,pulse,50,3.690075196,3.696238279,2315,0.153398079,12.000,47,50,0,0,true
2,9,pulse,50,3.702273304,3.708432166,2451,0.076699039,12.000,48,45,0,0,true
2,10,pulse,50,3.714094105,3.720106646,2294,0.153398079,11.900,49,0,0,0,true
2,11,pulse,50,3.726461242,3.732300901,2411,0.230097118,12.100,48,42,0,0,true
2,12,pulse,50,3.738213038,3.744348261,2283,0.076699039,11.900,47,0,0,0,true
2,4,pulse,50,3.750243747,3.756260581,2039,0.076699039,11.800,49,0,0,0,true
2,5,pulse,50,3.762323874,3.768265169,2219,0.230097118,11.900,48,0,0,0,true
2,6,pulse,50,3.774322355,3.780339048,1896,0.153398079,11.800,48,17,0,0,true
2,7,pulse,50,3.786322446,3.792413751,2137,0.076699039,11.900,48,0,0,0,true
2,8,pulse,50,3.798225248,3.804267842,2327,0.230097118,12.000,47,47,0,0,true
2,9,pulse,50,3.810201522,3.816321045,2461,0.153398079,11.900,48,45,0,0,true
2,10,pulse,50,3.822234632,3.828214309,2306,0.230097118,11.900,49,0,0,0,true
2,11,rest,0,3.846193598,3.852146926,2425,0.230097118,12.100,48,38,0,1,true
2,12,rest,0,3.858267876,3.864087730,2290,0.153398079,11.900,47,0,0,1,true
2,4,rest,0,3.870366581,3.876463935,2049,0.000000000,11.800,49,0,0,1,true
2,5,rest,0,3.882165901,3.888153769,2230,0.000000000,12.000,48,0,0,1,true
2,6,rest,0,3.894238695,3.900208218,1902,0.000000000,11.800,48,11,0,1,true
2,7,rest,0,3.906318023,3.912358186,2143,0.000000000,12.000,48,0,0,1,true
2,8,rest,0,3.918346498,3.924234009,2333,0.000000000,12.000,47,40,0,1,true
2,9,rest,0,3.930114909,3.936154077,2464,0.000000000,12.000,48,37,0,1,true
2,10,rest,0,3.942239921,3.948337931,2308,0.000000000,12.000,49,0,0,1,true
2,11,rest,0,3.954206431,3.960229110,2426,0.000000000,12.200,48,36,0,1,true
2,12,rest,0,3.967013511,3.972350113,2290,0.000000000,12.000,47,0,0,1,true
2,4,rest,0,3.978352607,3.984288783,2049,0.000000000,11.900,49,0,0,1,true
2,5,rest,0,3.990475726,3.996157116,2230,0.000000000,12.000,48,0,0,1,true
2,6,rest,0,4.002251612,4.008396488,1902,0.000000000,11.800,48,11,0,1,true
2,7,rest,0,4.014174064,4.020278751,2143,0.000000000,12.000,48,0,0,1,true
2,8,rest,0,4.026287102,4.032097644,2333,0.000000000,12.000,47,40,0,1,true
2,9,rest,0,4.038248954,4.044200507,2464,0.000000000,12.000,48,37,0,1,true
2,10,rest,0,4.050172649,4.056065348,2308,0.000000000,12.000,49,0,0,1,true
2,11,rest,0,4.062226007,4.068403924,2426,0.000000000,12.200,48,36,0,1,true
2,12,rest,0,4.074110863,4.080292494,2290,0.000000000,12.000,47,0,0,1,true
2,4,rest,0,4.086044368,4.092135079,2049,0.000000000,11.900,49,0,0,1,true
2,5,rest,0,4.098242555,4.104183185,2230,0.000000000,12.000,48,0,0,1,true
2,6,rest,0,4.110252347,4.116330780,1902,0.000000000,11.800,48,11,0,1,true
2,7,rest,0,4.122125312,4.128290680,2143,0.000000000,12.000,48,0,0,1,true
2,8,rest,0,4.134057628,4.140257385,2333,0.000000000,12.000,48,40,0,1,true
2,9,rest,0,4.146144284,4.152123069,2464,0.000000000,12.000,48,37,0,1,true
2,10,rest,0,4.158283473,4.164320268,2308,0.000000000,12.000,49,0,0,1,true
2,11,rest,0,4.170376315,4.176148624,2426,0.000000000,12.200,48,35,0,1,true
2,12,rest,0,4.182274379,4.188086850,2290,0.000000000,12.000,47,0,0,1,true
2,4,rest,0,4.194187622,4.200150812,2049,0.000000000,11.900,49,0,0,1,true
2,5,rest,0,4.206066307,4.212214413,2230,0.000000000,12.000,48,0,0,1,true
2,6,rest,0,4.218175305,4.224160532,1902,0.000000000,11.800,48,11,0,1,true
2,7,rest,0,4.230074536,4.236074564,2143,0.000000000,12.000,48,0,0,1,true
2,8,rest,0,4.242255072,4.248257454,2333,0.000000000,12.000,47,40,0,1,true
2,9,rest,0,4.254082710,4.260057610,2464,0.000000000,12.000,48,37,0,1,true
2,10,rest,0,4.266027706,4.272218380,2308,0.000000000,12.000,49,0,0,1,true
2,11,rest,0,4.278231624,4.284211634,2426,0.000000000,12.100,48,36,0,1,true
2,12,rest,0,4.290236095,4.296114190,2290,0.000000000,12.000,47,0,0,1,true
2,4,rest,0,4.302112021,4.308156185,2049,0.000000000,11.900,49,0,0,1,true
2,5,rest,0,4.314180317,4.320177747,2230,0.000000000,12.000,48,0,0,1,true
2,6,rest,0,4.326191614,4.332241871,1902,0.000000000,11.800,48,11,0,1,true
3,4,pulse,-50,4.908166489,4.914115045,2049,0.000000000,11.900,49,0,0,0,true
3,5,pulse,-50,4.920169234,4.926275755,2230,0.000000000,12.000,48,2,0,0,true
3,6,pulse,-50,4.932268415,4.938090568,1902,0.000000000,11.800,48,20,0,0,true
3,7,pulse,-50,4.944095338,4.950205090,2143,0.000000000,11.900,48,0,0,0,true
3,8,pulse,-50,4.956192667,4.962212262,2332,-0.153398079,12.000,48,47,0,0,true
3,9,pulse,-50,4.968121277,4.974219988,2463,0.000000000,12.000,48,46,0,0,true
3,10,pulse,-50,4.980108092,4.986279088,2306,-0.153398079,11.900,49,0,0,0,true
3,11,pulse,-50,4.992108341,4.998311612,2421,-0.153398079,12.100,48,44,0,0,true
3,12,pulse,-50,5.004093396,5.010290096,2281,-0.153398079,11.900,47,0,0,0,true
3,4,pulse,-50,5.016324436,5.022178267,2041,-0.230097118,11.800,49,0,0,0,true
3,5,pulse,-50,5.028255059,5.034069397,2220,-0.153398079,11.900,48,0,0,0,true
3,6,pulse,-50,5.040214940,5.045962405,1902,0.000000000,11.800,48,23,0,0,true
3,7,pulse,-50,5.052003815,5.058280224,2133,-0.230097118,11.900,48,0,0,0,true
3,8,pulse,-50,5.064329304,5.070028766,2322,-0.153398079,12.000,48,45,0,0,true
3,9,pulse,-50,5.076027943,5.082246085,2453,-0.153398079,11.900,48,44,0,0,true
3,10,pulse,-50,5.088289587,5.094184954,2296,-0.153398079,11.900,49,0,0,0,true
3,11,rest,0,5.118178485,5.124220088,2407,-0.153398079,12.100,48,38,0,1,true
3,12,rest,0,5.130271854,5.136399708,2270,0.000000000,11.900,47,0,0,1,true
3,4,rest,0,5.142255529,5.148191197,2028,0.000000000,11.800,49,0,0,1,true
3,5,rest,0,5.154217470,5.160179155,2209,0.000000000,12.000,48,0,0,1,true
3,6,rest,0,5.166267324,5.172309059,1902,0.000000000,11.800,48,11,0,1,true
3,7,rest,0,5.178462996,5.184174554,2126,0.000000000,11.900,48,0,0,1,true
3,8,rest,0,5.190275772,5.196021652,2316,0.000000000,12.000,48,40,0,1,true
3,9,rest,0,5.202260849,5.208222324,2449,0.000000000,12.000,48,37,0,1,true
3,10,rest,0,5.214181120,5.220015358,2293,0.000000000,11.900,49,0,0,1,true
3,11,rest,0,5.226017568,5.232120756,2407,0.000000000,12.200,48,36,0,1,true
3,12,rest,0,5.238168580,5.244057422,2270,0.000000000,12.000,47,0,0,1,true
3,4,rest,0,5.250160379,5.256036823,2028,0.000000000,11.900,49,0,0,1,true
3,5,rest,0,5.262123585,5.268157467,2209,0.000000000,12.000,48,0,0,1,true
3,6,rest,0,5.274130487,5.280052848,1902,0.000000000,11.800,48,11,0,1,true
3,7,rest,0,5.286060070,5.292197391,2126,0.000000000,12.000,48,0,0,1,true
3,8,rest,0,5.297942262,5.304140344,2316,0.000000000,12.000,48,40,0,1,true
3,9,rest,0,5.310049053,5.316169198,2449,0.000000000,12.000,48,37,0,1,true
3,10,rest,0,5.322132408,5.328271093,2293,0.000000000,12.000,49,0,0,1,true
3,11,rest,0,5.333925675,5.340154317,2407,0.000000000,12.200,48,36,0,1,true
3,12,rest,0,5.346060851,5.352293466,2270,0.000000000,12.000,47,0,0,1,true
3,4,rest,0,5.358089027,5.364110712,2028,0.000000000,11.900,49,0,0,1,true
3,5,rest,0,5.369951573,5.376056780,2209,0.000000000,12.000,48,0,0,1,true
3,6,rest,0,5.381963933,5.387966632,1902,0.000000000,11.800,48,11,0,1,true
3,7,rest,0,5.394080331,5.400111175,2126,0.000000000,12.000,48,0,0,1,true
3,8,rest,0,5.405997952,5.411987948,2316,0.000000000,12.100,48,40,0,1,true
3,9,rest,0,5.417953870,5.424125115,2449,0.000000000,12.000,48,37,0,1,true
3,10,rest,0,5.430009463,5.436067027,2293,0.000000000,12.000,49,0,0,1,true
3,11,rest,0,5.441918003,5.448275867,2407,0.000000000,12.200,48,36,0,1,true
3,12,rest,0,5.454441445,5.460131273,2270,0.000000000,12.000,47,0,0,1,true
3,4,rest,0,5.466379031,5.472328986,2028,0.000000000,11.900,49,0,0,1,true
3,5,rest,0,5.478100017,5.484134311,2209,0.000000000,12.000,48,0,0,1,true
3,6,rest,0,5.490047310,5.496077858,1902,0.000000000,11.900,48,11,0,1,true
3,7,rest,0,5.502153308,5.508614982,2126,0.000000000,12.000,48,0,0,1,true
3,8,rest,0,5.514450387,5.520324988,2316,0.000000000,12.100,48,40,0,1,true
3,9,rest,0,5.526112399,5.532140053,2449,0.000000000,12.000,48,37,0,1,true
3,10,rest,0,5.538054033,5.544012199,2293,0.000000000,12.000,49,0,0,1,true
3,11,rest,0,5.550057494,5.556205730,2407,0.000000000,12.200,48,36,0,1,true
3,12,rest,0,5.562111695,5.568071526,2270,0.000000000,12.000,47,0,0,1,true
3,4,rest,0,5.574118047,5.580193473,2028,0.000000000,11.900,49,0,0,1,true
3,5,rest,0,5.586119067,5.592128292,2209,0.000000000,12.000,48,0,0,1,true
3,6,rest,0,5.598116099,5.604779823,1902,0.000000000,11.900,48,11,0,1,true
4,4,pulse,100,6.192067122,6.197870608,2028,0.000000000,11.800,49,0,0,0,true
4,5,pulse,100,6.203969980,6.209960208,2210,0.153398079,11.900,48,12,0,0,true
4,6,pulse,100,6.216038251,6.221975907,1905,0.230097118,11.700,48,25,0,0,true
4,7,pulse,100,6.227956403,6.233973091,2131,0.306796158,11.800,48,0,0,0,true
4,8,pulse,100,6.240010346,6.245855115,2323,0.383495197,11.900,48,55,0,0,true
4,9,pulse,100,6.251998354,6.257963069,2458,0.383495197,11.900,48,53,0,0,true
4,10,pulse,100,6.264069013,6.270114030,2305,0.383495197,11.800,49,0,0,0,true
4,11,pulse,100,6.275916640,6.282097604,2424,0.383495197,12.000,48,47,0,0,true
4,12,pulse,100,6.288015271,6.294040136,2289,0.383495197,11.900,47,0,0,0,true
4,4,pulse,100,6.299980566,6.306010070,2051,0.383495197,11.800,49,0,0,0,true
4,5,pulse,100,6.312072388,6.318058811,2237,0.383495197,11.900,48,3,0,0,true
4,6,pulse,100,6.323922006,6.329977864,1928,0.306796158,11.700,48,23,0,0,true
4,7,pulse,100,6.335996950,6.342132412,2158,0.383495197,11.800,48,0,0,0,true
4,8,pulse,100,6.348010338,6.354056939,2351,0.383495197,11.900,48,53,0,0,true
4,9,pulse,100,6.360694769,6.366012669,2484,0.383495197,11.900,48,50,0,0,true
4,10,pulse,100,6.372107730,6.378050738,2333,0.383495197,11.800,49,0,0,0,true
4,11,rest,0,6.396087115,6.402034681,2455,0.306796158,12.100,48,41,0,1,true
4,12,rest,0,6.408124625,6.414153229,2317,0.230097118,11.900,47,0,0,1,true
4,4,rest,0,6.419969158,6.425984531,2076,0.000000000,11.800,49,0,0,1,true
4,5,rest,0,6.431878230,6.437925485,2260,0.000000000,12.000,48,0,0,1,true
4,6,rest,0,6.444022622,6.450045472,1944,0.000000000,11.800,48,11,0,1,true
4,7,rest,0,6.455846320,6.461917960,2172,0.000000000,11.900,48,0,0,1,true
4,8,rest,0,6.468065997,6.474172962,2364,0.000000000,12.000,48,40,0,1,true
4,9,rest,0,6.480168345,6.486029530,2493,0.000000000,12.000,48,37,0,1,true
4,10,rest,0,6.491983352,6.498090930,2338,0.000000000,11.900,49,0,0,1,true
4,11,rest,0,6.503931475,6.510427692,2457,0.000000000,12.100,48,36,0,1,true
4,12,rest,0,6.516029730,6.522209827,2317,0.000000000,12.000,47,0,0,1,true
4,4,rest,0,6.528044248,6.533997935,2077,0.000000000,11.900,49,0,0,1,true
4,5,rest,0,6.540299547,6.546028155,2260,0.000000000,12.000,48,0,0,1,true
4,6,rest,0,6.552206529,6.558104620,1944,0.000000000,11.800,48,11,0,1,true
4,7,rest,0,6.564132218,6.570385881,2172,0.000000000,12.000,48,0,0,1,true
4,8,rest,0,6.576076740,6.582291971,2364,0.000000000,12.000,48,40,0,1,true
4,9,rest,0,6.588077471,6.593930025,2493,0.000000000,12.000,48,37,0,1,true
4,10,rest,0,6.600113682,6.605999404,2338,0.000000000,12.000,49,0,0,1,true
4,11,rest,0,6.612050559,6.618151988,2457,0.000000000,12.200,48,36,0,1,true
4,12,rest,0,6.624049458,6.630147960,2317,0.000000000,12.000,47,0,0,1,true
4,4,rest,0,6.636306618,6.642100311,2077,0.000000000,11.900,49,0,0,1,true
4,5,rest,0,6.648064448,6.654167940,2260,0.000000000,12.000,48,0,0,1,true
4,6,rest,0,6.660061522,6.666170067,1944,0.000000000,11.800,48,11,0,1,true
4,7,rest,0,6.671878041,6.677936663,2173,0.000000000,12.000,48,0,0,1,true
4,8,rest,0,6.684011881,6.690106311,2364,0.000000000,12.100,48,40,0,1,true
4,9,rest,0,6.696192495,6.702150653,2493,0.000000000,12.000,48,37,0,1,true
4,10,rest,0,6.708075446,6.713965453,2338,0.000000000,12.000,49,0,0,1,true
4,11,rest,0,6.720118543,6.726044126,2457,0.000000000,12.200,48,35,0,1,true
4,12,rest,0,6.732177382,6.738180419,2317,0.000000000,12.000,47,0,0,1,true
4,4,rest,0,6.744106716,6.750053043,2077,0.000000000,11.900,49,0,0,1,true
4,5,rest,0,6.756037035,6.762013196,2260,0.000000000,12.000,48,0,0,1,true
4,6,rest,0,6.768187573,6.774186253,1944,0.000000000,11.800,48,11,0,1,true
4,7,rest,0,6.780191782,6.786007416,2173,0.000000000,12.000,48,0,0,1,true
4,8,rest,0,6.791928926,6.797961026,2364,0.000000000,12.000,48,40,0,1,true
4,9,rest,0,6.804216001,6.809978369,2493,0.000000000,12.000,48,36,0,1,true
4,10,rest,0,6.815997419,6.822065515,2338,0.000000000,12.000,49,0,0,1,true
4,11,rest,0,6.828048319,6.833973048,2457,0.000000000,12.200,48,35,0,1,true
4,12,rest,0,6.839941793,6.845828496,2317,0.000000000,12.000,47,0,0,1,true
4,4,rest,0,6.852033038,6.857901348,2077,0.000000000,11.900,49,0,0,1,true
4,5,rest,0,6.863951699,6.869929589,2260,0.000000000,12.000,48,0,0,1,true
4,6,rest,0,6.875935060,6.881872562,1944,0.000000000,11.800,48,11,0,1,true
5,4,pulse,-100,7.463976383,7.469853707,2077,0.000000000,11.800,49,0,0,0,true
5,5,pulse,-100,7.475984697,7.481952543,2260,0.000000000,11.900,48,12,0,0,true
5,6,pulse,-100,7.487877060,7.493883483,1942,-0.153398079,11.700,48,25,0,0,true
5,7,pulse,-100,7.500009512,7.505787540,2168,-0.306796158,11.800,48,0,0,0,true
5,8,pulse,-100,7.511735523,7.518094312,2357,-0.306796158,11.900,48,52,0,0,true
5,9,pulse,-100,7.523778999,7.529868928,2484,-0.383495197,11.900,48,53,0,0,true
5,10,pulse,-100,7.535932442,7.541825458,2325,-0.383495197,11.800,49,0,0,0,true
5,11,pulse,-100,7.547697375,7.554041812,2442,-0.306796158,12.000,48,48,0,0,true
5,12,pulse,-100,7.560021804,7.565831848,2296,-0.460194236,11.900,47,0,0,0,true
5,4,pulse,-100,7.571776402,7.577930356,2052,-0.383495197,11.800,49,0,0,0,true
5,5,pulse,-100,7.583874578,7.589902245,2233,-0.460194236,11.900,48,3,0,0,true
5,6,pulse,-100,7.595734622,7.601957386,1919,-0.383495197,11.700,48,24,0,0,true
5,7,pulse,-100,7.608163172,7.637383401,2141,-0.460194236,11.800,48,0,0,0,true
5,8,rest,0,7.685858207,7.692057022,2315,-0.230097118,12.000,48,42,0,1,true
5,9,rest,0,7.698366459,7.704456701,2446,0.000000000,12.000,48,39,0,1,true
5,10,rest,0,7.709934850,7.716433818,2291,0.000000000,11.900,49,0,0,1,true
5,11,rest,0,7.722031428,7.728205972,2408,0.000000000,12.100,48,36,0,1,true
5,12,rest,0,7.733857308,7.739853776,2265,0.000000000,12.000,47,0,0,1,true
5,4,rest,0,7.745944282,7.751939889,2024,0.000000000,11.900,49,0,0,1,true
5,5,rest,0,7.757839716,7.763956948,2208,0.000000000,12.000,48,1,0,1,true
5,6,rest,0,7.769880574,7.775970871,1901,0.000000000,11.800,48,11,0,1,true
5,7,rest,0,7.781767914,7.787900177,2125,0.000000000,12.000,48,0,0,1,true
5,8,rest,0,7.793752188,7.800041600,2315,0.000000000,12.000,48,40,0,1,true
5,9,rest,0,7.806024651,7.812074737,2446,0.000000000,12.000,48,37,0,1,true
5,10,rest,0,7.818065552,7.823881109,2291,0.000000000,12.000,49,0,0,1,true
5,11,rest,0,7.830032537,7.836130507,2408,0.000000000,12.200,48,36,0,1,true
5,12,rest,0,7.841955661,7.847825457,2265,0.000000000,12.000,47,0,0,1,true
5,4,rest,0,7.853940474,7.860049255,2024,0.000000000,11.900,49,0,0,1,true
5,5,rest,0,7.865791883,7.871805982,2208,0.000000000,12.000,48,0,0,1,true
5,6,rest,0,7.877697572,7.883738743,1901,0.000000000,11.800,48,11,0,1,true
5,7,rest,0,7.889815772,7.895846131,2125,0.000000000,12.000,48,0,0,1,true
5,8,rest,0,7.901879605,7.907920240,2315,0.000000000,12.100,48,40,0,1,true
5,9,rest,0,7.914065698,7.919805172,2446,0.000000000,12.000,48,36,0,1,true
5,10,rest,0,7.925726981,7.931981169,2291,0.000000000,12.000,49,0,0,1,true
5,11,rest,0,7.937939146,7.943877943,2408,0.000000000,12.200,48,36,0,1,true
5,12,rest,0,7.949977966,7.955826427,2265,0.000000000,12.000,47,0,0,1,true
5,4,rest,0,7.961951913,7.967725314,2024,0.000000000,11.900,49,0,0,1,true
5,5,rest,0,7.973866831,7.979811944,2208,0.000000000,12.000,48,0,0,1,true
5,6,rest,0,7.985718825,7.991960117,1901,0.000000000,11.800,48,11,0,1,true
5,7,rest,0,7.997725977,8.003760810,2125,0.000000000,12.000,48,0,0,1,true
5,8,rest,0,8.009940086,8.015934075,2315,0.000000000,12.100,48,40,0,1,true
5,9,rest,0,8.021768905,8.027921716,2446,0.000000000,12.000,48,37,0,1,true
5,10,rest,0,8.033837067,8.039969833,2291,0.000000000,12.000,49,0,0,1,true
5,11,rest,0,8.045797442,8.051815801,2408,0.000000000,12.200,48,36,0,1,true
5,12,rest,0,8.057915131,8.064690353,2265,0.000000000,12.000,47,0,0,1,true
5,4,rest,0,8.069750796,8.075837904,2024,0.000000000,11.900,49,0,0,1,true
5,5,rest,0,8.081833541,8.087874496,2208,0.000000000,12.000,48,0,0,1,true
5,6,rest,0,8.093790364,8.099691494,1901,0.000000000,11.900,48,11,0,1,true
5,7,rest,0,8.105706161,8.111745844,2125,0.000000000,12.000,48,0,0,1,true
5,8,rest,0,8.117747012,8.123911907,2315,0.000000000,12.100,48,40,0,1,true
5,9,rest,0,8.129870828,8.135999481,2446,0.000000000,12.000,48,36,0,1,true
5,10,rest,0,8.141673340,8.147920444,2291,0.000000000,12.000,49,0,0,1,true
5,11,rest,0,8.153961402,8.159935369,2408,0.000000000,12.200,48,36,0,1,true
6,4,pulse,200,8.741618470,8.747640639,2024,0.000000000,11.700,49,0,0,0,true
6,5,pulse,200,8.753686952,8.759929060,2211,0.000000000,11.800,48,35,0,0,true
6,6,pulse,200,8.765723105,8.771638252,1907,0.536893276,11.500,48,54,0,0,true
6,7,pulse,200,8.777753039,8.783708444,2137,0.690291355,11.600,48,3,0,0,true
6,8,pulse,200,8.789868200,8.795757260,2334,0.766990394,11.700,48,66,0,0,true
6,9,pulse,200,8.801629450,8.807857402,2470,0.690291355,11.700,48,68,0,0,true
6,10,pulse,200,8.813697112,8.819811677,2321,0.843689433,11.600,49,9,0,0,true
6,11,pulse,200,8.825794207,8.831721107,2446,0.843689433,11.900,49,58,0,0,true
6,12,pulse,200,8.837678831,8.843700607,2310,0.843689433,11.700,48,6,0,0,true
6,4,pulse,200,8.849633007,8.856042450,2075,0.766990394,11.600,49,0,0,0,true
6,5,pulse,200,8.861798412,8.867996507,2267,0.920388473,11.700,48,10,0,0,true
6,6,pulse,200,8.873878560,8.879687487,1959,0.766990394,11.500,48,39,0,0,true
6,7,pulse,200,8.885811574,8.891859218,2194,0.843689433,11.700,48,0,0,0,true
6,8,pulse,200,8.897634575,8.903717345,2393,0.843689433,11.800,48,60,0,0,true
6,9,pulse,200,8.909863669,8.915771166,2528,0.843689433,11.700,48,61,0,0,true
6,10,pulse,200,8.921833150,8.927960590,2381,0.843689433,11.700,49,1,0,0,true
6,11,rest,0,8.945785987,8.951705770,2513,0.843689433,12.000,49,41,0,1,true
6,12,rest,0,8.957836342,8.963800849,2373,0.383495197,11.800,48,1,0,1,true
6,4,rest,0,8.969794013,8.975656486,2129,0.230097118,11.700,49,0,0,1,true
6,5,rest,0,8.981770290,8.987757280,2318,0.153398079,11.900,48,1,0,1,true
6,6,rest,0,8.993789384,8.999672344,1997,0.000000000,11.800,48,12,0,1,true
6,7,rest,0,9.005854517,9.011812480,2227,0.000000000,11.900,48,0,0,1,true
6,8,rest,0,9.018025384,9.023892795,2422,0.000000000,12.000,48,40,0,1,true
6,9,rest,0,9.029749765,9.035659525,2549,0.000000000,12.000,48,37,0,1,true
6,10,rest,0,9.041777189,9.047675334,2395,0.000000000,11.900,49,0,0,1,true
6,11,rest,0,9.053736640,9.059727067,2516,0.000000000,12.100,49,36,0,1,true
6,12,rest,0,9.065782554,9.071677175,2374,0.000000000,12.000,48,0,0,1,true
6,4,rest,0,9.077769005,9.083787616,2130,0.000000000,11.900,49,0,0,1,true
6,5,rest,0,9.089600334,9.095655331,2318,0.000000000,12.000,48,0,0,1,true
6,6,rest,0,9.101659406,9.107871469,1997,0.000000000,11.800,48,11,0,1,true
6,7,rest,0,9.113867509,9.119860995,2227,0.000000000,12.000,48,0,0,1,true
6,8,rest,0,9.125694226,9.131788070,2422,0.000000000,12.000,48,40,0,1,true
6,9,rest,0,9.137781904,9.143783717,2549,0.000000000,12.000,48,37,0,1,true
6,10,rest,0,9.149709439,9.155679827,2395,0.000000000,12.000,49,0,0,1,true
6,11,rest,0,9.161618614,9.167666652,2516,0.000000000,12.200,49,36,0,1,true
6,12,rest,0,9.173578895,9.179846095,2374,0.000000000,12.000,48,0,0,1,true
6,4,rest,0,9.185975808,9.191882707,2130,0.000000000,11.900,49,0,0,1,true
6,5,rest,0,9.197653689,9.203666957,2318,0.000000000,12.000,48,0,0,1,true
6,6,rest,0,9.209814293,9.215712853,1997,0.000000000,11.800,48,11,0,1,true
6,7,rest,0,9.221595550,9.227665856,2227,0.000000000,12.000,48,0,0,1,true
6,8,rest,0,9.233864242,9.239719199,2422,0.000000000,12.000,48,40,0,1,true
6,9,rest,0,9.245645369,9.251656975,2549,0.000000000,12.000,49,37,0,1,true
6,10,rest,0,9.257848681,9.263656584,2395,0.000000000,12.000,49,0,0,1,true
6,11,rest,0,9.269660526,9.275840080,2516,0.000000000,12.200,49,36,0,1,true
6,12,rest,0,9.281746795,9.287633899,2374,0.000000000,12.000,48,0,0,1,true
6,4,rest,0,9.293863809,9.300258334,2130,0.000000000,11.900,49,0,0,1,true
6,5,rest,0,9.306294370,9.312020183,2318,0.000000000,12.000,48,0,0,1,true
6,6,rest,0,9.318062690,9.323880208,1997,0.000000000,11.800,48,11,0,1,true
6,7,rest,0,9.329770718,9.335826223,2227,0.000000000,12.000,48,0,0,1,true
6,8,rest,0,9.341680825,9.347638889,2422,0.000000000,12.000,48,40,0,1,true
6,9,rest,0,9.353837120,9.359831332,2549,0.000000000,12.000,49,37,0,1,true
6,10,rest,0,9.365708704,9.371753233,2395,0.000000000,12.000,49,0,0,1,true
6,11,rest,0,9.377680674,9.383523115,2516,0.000000000,12.200,49,36,0,1,true
6,12,rest,0,9.390004433,9.396021469,2374,0.000000000,12.000,48,0,0,1,true
6,4,rest,0,9.401730710,9.407699920,2130,0.000000000,11.900,49,0,0,1,true
6,5,rest,0,9.413797615,9.419622826,2318,0.000000000,12.000,48,0,0,1,true
6,6,rest,0,9.425706116,9.431754914,1997,0.000000000,11.800,48,11,0,1,true
7,4,pulse,-200,10.013716073,10.019777890,2129,0.000000000,11.700,49,0,0,0,true
7,5,pulse,-200,10.025566471,10.031667857,2315,0.000000000,11.800,48,36,0,0,true
7,6,pulse,-200,10.037623355,10.043535968,1990,-0.536893276,11.500,48,55,0,0,true
7,7,pulse,-200,10.049565486,10.055738819,2216,-0.690291355,11.600,48,2,0,0,true
7,8,pulse,-200,10.061837431,10.067595841,2402,-0.690291355,11.700,48,69,0,0,true
7,9,pulse,-200,10.073802342,10.079834053,2525,-0.766990394,11.700,49,64,0,0,true
7,10,pulse,-200,10.085645386,10.091543000,2363,-0.843689433,11.700,49,2,0,0,true
7,11,pulse,-200,10.097640335,10.103573808,2477,-0.843689433,11.900,49,60,0,0,true
7,12,pulse,-200,10.109880645,10.115871562,2327,-0.920388473,11.700,48,3,0,0,true
7,4,pulse,-200,10.121805618,10.127835315,2078,-0.766990394,11.600,49,0,0,0,true
7,5,pulse,-200,10.133759203,10.139779712,2257,-0.920388473,11.700,48,11,0,0,true
7,6,pulse,-200,10.145763424,10.151610312,1937,-0.766990394,11.600,48,39,0,0,true
7,7,pulse,-200,10.157664229,10.163527547,2159,-0.843689433,11.700,48,0,0,0,true
7,8,pulse,-200,10.169849457,10.175457292,2342,-0.843689433,11.800,48,59,0,0,true
7,9,pulse,-200,10.181721097,10.187509146,2466,-0.843689433,11.800,49,62,0,0,true
7,10,pulse,-200,10.193456021,10.199602727,2304,-0.843689433,11.700,49,1,0,0,true
7,11,rest,0,10.217547996,10.223585800,2413,-0.766990394,12.000,49,41,0,1,true
7,12,rest,0,10.229556478,10.235794058,2266,-0.383495197,11.800,48,0,0,1,true
7,4,rest,0,10.241456215,10.247607032,2023,-0.230097118,11.700,49,0,0,1,true
7,5,rest,0,10.253551058,10.259503233,2207,0.000000000,11.900,48,1,0,1,true
7,6,rest,0,10.265484107,10.271514422,1899,0.000000000,11.800,48,12,0,1,true
7,7,rest,0,10.277713545,10.283748515,2124,0.000000000,11.900,48,0,0,1,true
7,8,rest,0,10.289525605,10.295667808,2314,0.000000000,12.000,48,40,0,1,true
7,9,rest,0,10.301617450,10.307781403,2445,0.000000000,12.000,49,37,0,1,true
7,10,rest,0,10.313523973,10.319684060,2291,0.000000000,11.900,49,0,0,1,true
7,11,rest,0,10.325598176,10.331554891,2410,0.000000000,12.100,49,35,0,1,true
7,12,rest,0,10.337767476,10.343641416,2265,0.000000000,12.000,48,0,0,1,true
7,4,rest,0,10.349564646,10.355742506,2022,0.000000000,11.900,49,0,0,1,true
7,5,rest,0,10.361516541,10.367522300,2207,0.000000000,12.000,48,0,0,1,true
7,6,rest,0,10.373630036,10.379483031,1899,0.000000000,11.800,48,11,0,1,true
7,7,rest,0,10.385602799,10.391697076,2124,0.000000000,12.000,48,0,0,1,true
7,8,rest,0,10.397621216,10.403695941,2314,0.000000000,12.000,48,40,0,1,true
7,9,rest,0,10.409577096,10.415586925,2445,0.000000000,12.000,49,37,0,1,true
7,10,rest,0,10.421449431,10.427625500,2291,0.000000000,12.000,49,0,0,1,true
7,11,rest,0,10.433515265,10.439502004,2410,0.000000000,12.200,49,35,0,1,true
7,12,rest,0,10.445576193,10.451717906,2265,0.000000000,12.000,48,0,0,1,true
7,4,rest,0,10.457651798,10.463486931,2022,0.000000000,11.900,49,0,0,1,true
7,5,rest,0,10.469434914,10.475554981,2207,0.000000000,12.000,48,0,0,1,true
7,6,rest,0,10.481626080,10.487612921,1899,0.000000000,11.800,48,11,0,1,true
7,7,rest,0,10.493520656,10.499588148,2124,0.000000000,12.000,48,0,0,1,true
7,8,rest,0,10.505649510,10.511541964,2314,0.000000000,12.100,48,40,0,1,true
7,9,rest,0,10.517573491,10.523752681,2445,0.000000000,12.000,49,37,0,1,true
7,10,rest,0,10.529434081,10.535631541,2291,0.000000000,12.000,49,0,0,1,true
7,11,rest,0,10.541826490,10.547624887,2410,0.000000000,12.200,49,36,0,1,true
7,12,rest,0,10.553658506,10.559567685,2265,0.000000000,12.000,48,0,0,1,true
7,4,rest,0,10.565608101,10.571624848,2022,0.000000000,11.900,49,0,0,1,true
7,5,rest,0,10.577634331,10.583560361,2207,0.000000000,12.000,48,0,0,1,true
7,6,rest,0,10.589517756,10.595590289,1899,0.000000000,11.900,48,11,0,1,true
7,7,rest,0,10.601840896,10.607529879,2124,0.000000000,12.000,48,0,0,1,true
7,8,rest,0,10.613442493,10.619469866,2314,0.000000000,12.100,48,41,0,1,true
7,9,rest,0,10.625560815,10.631553226,2445,0.000000000,12.000,49,37,0,1,true
7,10,rest,0,10.637587745,10.643661881,2291,0.000000000,12.000,49,0,0,1,true
7,11,rest,0,10.649578367,10.655990315,2410,0.000000000,12.200,49,35,0,1,true
7,12,rest,0,10.663236796,10.667846086,2265,0.000000000,12.000,48,0,0,1,true
7,4,rest,0,10.673689751,10.679503055,2022,0.000000000,11.900,49,0,0,1,true
7,5,rest,0,10.685629323,10.691554593,2207,0.000000000,12.000,48,0,0,1,true
7,6,rest,0,10.697663110,10.703588594,1899,0.000000000,11.900,48,11,0,1,true
8,4,pulse,300,11.279335989,11.285582873,2022,0.000000000,11.500,49,41,0,0,true
8,5,pulse,300,11.291650126,11.297589240,2210,0.230097118,11.700,48,61,0,0,true
8,6,pulse,300,11.303775895,11.310342760,1906,0.383495197,11.300,49,84,0,0,true
8,7,pulse,300,11.315468646,11.321498590,2139,0.843689433,11.300,48,23,0,0,true
8,8,pulse,300,11.327569839,11.333579952,2338,1.073786552,11.400,48,103,0,0,true
8,9,pulse,300,11.339572099,11.345399268,2476,1.073786552,11.400,49,90,0,0,true
8,10,pulse,300,11.351618116,11.358299563,2334,1.227184630,11.400,49,23,0,0,true
8,11,pulse,300,11.363641179,11.369531413,2464,1.303883670,11.600,49,75,0,0,true
8,12,pulse,300,11.375539484,11.381611474,2329,1.303883670,11.500,48,13,0,0,true
8,4,pulse,300,11.387554099,11.393407493,2094,1.227184630,11.300,49,0,0,0,true
8,5,pulse,300,11.399389650,11.405455437,2292,1.380582709,11.500,48,21,0,0,true
8,6,pulse,300,11.411490789,11.417623949,1984,1.150485591,11.300,49,56,0,0,true
8,7,pulse,300,11.423499558,11.429615745,2223,1.303883670,11.500,48,0,0,0,true
8,8,pulse,300,11.435507024,11.441589342,2427,1.303883670,11.600,48,71,0,0,true
8,9,pulse,300,11.447331700,11.453496747,2564,1.303883670,11.600,49,69,0,0,true
8,10,pulse,300,11.459456783,11.465533704,2424,1.303883670,11.500,49,12,0,0,true
8,11,rest,0,11.489416544,11.495750617,2569,1.227184630,11.800,49,43,0,1,true
8,12,rest,0,11.501722389,11.507592268,2430,0.613592315,11.700,48,2,0,1,true
8,4,rest,0,11.513772556,11.519694171,2182,0.306796158,11.700,49,0,0,1,true
8,5,rest,0,11.525721259,11.531388492,2376,0.230097118,11.800,48,2,0,1,true
8,6,rest,0,11.537584066,11.543548649,2049,0.000000000,11.700,49,12,0,1,true
8,7,rest,0,11.549520061,11.555659555,2281,0.000000000,11.800,48,0,0,1,true
8,8,rest,0,11.561628833,11.567350771,2475,0.000000000,12.000,48,40,0,1,true
8,9,rest,0,11.573515401,11.579424544,2602,0.000000000,12.000,49,37,0,1,true
8,10,rest,0,11.585479290,11.591625594,2452,0.000000000,11.900,49,0,0,1,true
8,11,rest,0,11.597353799,11.603589768,2575,0.000000000,12.100,49,35,0,1,true
8,12,rest,0,11.609568203,11.615547505,2433,0.000000000,11.900,48,0,0,1,true
8,4,rest,0,11.621451141,11.627624516,2182,0.000000000,11.900,49,0,0,1,true
8,5,rest,0,11.633403564,11.639374111,2376,0.000000000,12.000,48,0,0,1,true
8,6,rest,0,11.645487953,11.651581708,2049,0.000000000,11.800,49,12,0,1,true
8,7,rest,0,11.657666857,11.663679323,2281,0.000000000,12.000,48,0,0,1,true
8,8,rest,0,11.669431536,11.675445426,2475,0.000000000,12.000,48,40,0,1,true
8,9,rest,0,11.681452480,11.687397129,2602,0.000000000,12.000,49,37,0,1,true
8,10,rest,0,11.693656562,11.699602023,2452,0.000000000,12.000,49,0,0,1,true
8,11,rest,0,11.705627269,11.711640519,2575,0.000000000,12.200,49,35,0,1,true
8,12,rest,0,11.717383884,11.723785725,2433,0.000000000,12.000,48,0,0,1,true
8,4,rest,0,11.729404553,11.735413934,2182,0.000000000,11.900,49,0,0,1,true
8,5,rest,0,11.741384450,11.747497914,2376,0.000000000,12.000,48,0,0,1,true
8,6,rest,0,11.753415298,11.759379627,2049,0.000000000,11.800,49,11,0,1,true
8,7,rest,0,11.765373633,11.771344993,2281,0.000000000,12.000,48,0,0,1,true
8,8,rest,0,11.777399254,11.783465289,2475,0.000000000,12.000,48,40,0,1,true
8,9,rest,0,11.789484825,11.795344395,2602,0.000000000,12.000,49,37,0,1,true
8,10,rest,0,11.801494366,11.807647750,2452,0.000000000,12.000,49,0,0,1,true
8,11,rest,0,11.813357169,11.819513501,2575,0.000000000,12.200,49,35,0,1,true
8,12,rest,0,11.825429583,11.831551977,2433,0.000000000,12.000,48,0,0,1,true
8,4,rest,0,11.837374162,11.843606078,2182,0.000000000,11.900,49,0,0,1,true
8,5,rest,0,11.849471074,11.855745033,2376,0.000000000,12.000,48,0,0,1,true
8,6,rest,0,11.861401218,11.867388659,2049,0.000000000,11.800,49,12,0,1,true
8,7,rest,0,11.873428756,11.879446447,2281,0.000000000,12.000,48,0,0,1,true
8,8,rest,0,11.885378454,11.891434193,2475,0.000000000,12.000,48,40,0,1,true
8,9,rest,0,11.897525078,11.903549208,2602,0.000000000,12.000,49,37,0,1,true
8,10,rest,0,11.909576798,11.915637573,2452,0.000000000,12.000,49,0,0,1,true
8,11,rest,0,11.921474518,11.927420784,2575,0.000000000,12.200,49,36,0,1,true
8,12,rest,0,11.933503808,11.939552497,2433,0.000000000,12.000,48,0,0,1,true
8,4,rest,0,11.945450570,11.951435253,2182,0.000000000,11.900,49,0,0,1,true
8,5,rest,0,11.957642865,11.963783668,2376,0.000000000,12.000,48,0,0,1,true
8,6,rest,0,11.969558933,11.975660320,2049,0.000000000,11.800,49,11,0,1,true
9,4,pulse,-300,12.581358687,12.587496091,2181,0.000000000,11.500,49,32,0,0,true
9,5,pulse,-300,12.593383401,12.599369842,2371,-0.076699039,11.500,48,65,0,0,true
9,6,pulse,-300,12.605591051,12.611494554,2038,-0.843689433,11.200,49,82,0,0,true
9,7,pulse,-300,12.617463271,12.623434428,2263,-0.920388473,11.300,48,27,0,0,true
9,8,pulse,-300,12.629248287,12.635342648,2447,-1.073786552,11.400,48,97,0,0,true
9,9,pulse,-300,12.641416987,12.647373936,2566,-1.150485591,11.400,49,83,0,0,true
9,10,pulse,-300,12.653245513,12.659561615,2405,-1.227184630,11.400,49,23,0,0,true
9,11,pulse,-300,12.665422582,12.671365346,2516,-1.303883670,11.600,49,73,0,0,true
9,12,pulse,-300,12.677362061,12.683373970,2363,-1.303883670,11.500,48,13,0,0,true
9,4,pulse,-300,12.689468031,12.695499417,2106,-1.227184630,11.300,49,0,0,0,true
9,5,pulse,-300,12.701457236,12.707497697,2286,-1.227184630,11.500,48,22,0,0,true
9,6,pulse,-300,12.713553216,12.719489742,1957,-1.227184630,11.300,49,52,0,0,true
9,7,pulse,-300,12.725572405,12.731533799,2177,-1.227184630,11.500,48,0,0,0,true
9,8,pulse,-300,12.737498403,12.743251041,2357,-1.303883670,11.600,48,73,0,0,true
9,9,pulse,-300,12.749218711,12.755321314,2476,-1.303883670,11.600,49,67,0,0,true
9,10,pulse,-300,12.761624876,12.767434242,2314,-1.303883670,11.500,49,16,0,0,true
9,11,rest,0,12.785355346,12.791400042,2420,-1.150485591,11.800,49,53,0,1,true
9,12,rest,0,12.797367126,12.803521166,2268,-0.536893276,11.700,48,3,0,1,true
9,4,rest,0,12.809495211,12.815342241,2022,-0.383495197,11.600,49,0,0,1,true
9,5,rest,0,12.821365964,12.827389632,2211,-0.153398079,11.800,48,2,0,1,true
9,6,rest,0,12.833357584,12.839232252,1896,0.000000000,11.700,49,12,0,1,true
9,7,rest,0,12.845255776,12.851493923,2124,0.000000000,11.800,48,0,0,1,true
9,8,rest,0,12.857305814,12.863763967,2312,0.000000000,12.000,48,40,0,1,true
9,9,rest,0,12.869440650,12.875433557,2443,0.000000000,12.000,49,37,0,1,true
9,10,rest,0,12.881311367,12.887459705,2293,0.000000000,11.900,49,0,0,1,true
9,11,rest,0,12.893306507,12.899214858,2414,0.000000000,12.100,49,35,0,1,true
9,12,rest,0,12.905279019,12.911630206,2265,0.000000000,11.900,48,0,0,1,true
9,4,rest,0,12.917352507,12.923280577,2022,0.000000000,11.900,49,0,0,1,true
9,5,rest,0,12.929338276,12.935301316,2211,0.000000000,12.000,48,0,0,1,true
9,6,rest,0,12.941406317,12.947387144,1896,0.000000000,11.800,49,11,0,1,true
9,7,rest,0,12.953449323,12.959561481,2124,0.000000000,12.000,48,0,0,1,true
9,8,rest,0,12.965300621,12.971375932,2312,0.000000000,12.000,48,40,0,1,true
9,9,rest,0,12.977333946,12.983485036,2443,0.000000000,12.000,49,37,0,1,true
9,10,rest,0,12.989286581,12.995355207,2293,0.000000000,12.000,49,0,0,1,true
9,11,rest,0,13.001266158,13.007354794,2414,0.000000000,12.200,49,35,0,1,true
9,12,rest,0,13.013490846,13.019322850,2265,0.000000000,12.000,48,0,0,1,true
9,4,rest,0,13.025169102,13.031198782,2022,0.000000000,11.900,49,0,0,1,true
9,5,rest,0,13.037222976,13.043360857,2211,0.000000000,12.000,48,0,0,1,true
9,6,rest,0,13.049321675,13.055472964,1896,0.000000000,11.800,49,11,0,1,true
9,7,rest,0,13.061811065,13.067403023,2124,0.000000000,12.000,48,0,0,1,true
9,8,rest,0,13.073484134,13.079299154,2312,0.000000000,12.100,48,40,0,1,true
9,9,rest,0,13.085343642,13.091328290,2443,0.000000000,12.000,49,37,0,1,true
9,10,rest,0,13.097378241,13.103520682,2293,0.000000000,12.000,49,0,0,1,true
9,11,rest,0,13.109564629,13.115325356,2414,0.000000000,12.200,49,36,0,1,true
9,12,rest,0,13.121330825,13.127198090,2265,0.000000000,12.000,48,0,0,1,true
9,4,rest,0,13.133397552,13.139379039,2022,0.000000000,11.900,49,0,0,1,true
9,5,rest,0,13.145378793,13.151359294,2211,0.000000000,12.000,48,0,0,1,true
9,6,rest,0,13.157342072,13.163580259,1896,0.000000000,11.900,49,11,0,1,true
9,7,rest,0,13.169430796,13.175268851,2124,0.000000000,12.000,48,0,0,1,true
9,8,rest,0,13.181428046,13.187239150,2312,0.000000000,12.100,48,40,0,1,true
9,9,rest,0,13.193435575,13.199312141,2443,0.000000000,12.000,49,37,0,1,true
9,10,rest,0,13.205408692,13.211402835,2293,0.000000000,12.000,49,0,0,1,true
9,11,rest,0,13.217312159,13.223527590,2414,0.000000000,12.200,49,36,0,1,true
9,12,rest,0,13.229352848,13.235174042,2265,0.000000000,12.000,48,0,0,1,true
9,4,rest,0,13.241350219,13.247399521,2022,0.000000000,11.900,49,0,0,1,true
9,5,rest,0,13.253389170,13.259488317,2211,0.000000000,12.000,48,0,0,1,true
9,6,rest,0,13.265343112,13.271229870,1896,0.000000000,11.900,49,11,0,1,true
10,4,pulse,400,13.853383445,13.859562499,2024,0.000000000,11.300,49,91,0,0,true
10,5,pulse,400,13.865309214,13.871284695,2218,0.306796158,11.200,48,118,0,0,true
10,6,pulse,400,13.877360108,13.883362173,1911,1.073786552,10.900,49,122,0,0,true
10,7,pulse,400,13.889260220,13.895434276,2148,1.303883670,10.900,48,64,0,0,true
10,8,pulse,400,13.901247032,13.907704568,2350,1.303883670,11.000,48,115,0,0,true
10,9,pulse,400,13.913424825,13.919219563,2489,1.380582709,11.100,49,122,0,0,true
10,10,pulse,400,13.925136868,13.931291520,2353,1.533980788,11.100,49,52,0,0,true
10,11,pulse,400,13.937297422,13.943540268,2488,1.687378867,11.300,49,100,0,0,true
10,12,pulse,400,13.949224697,13.955531300,2355,1.687378867,11.200,48,23,0,0,true
10,4,pulse,400,13.961274288,13.967332740,2120,1.533980788,11.000,49,0,0,0,true
10,5,pulse,400,13.973244859,13.979257575,2328,1.764077906,11.200,48,32,0,0,true
10,6,pulse,400,13.985122050,13.991278692,2015,1.457281748,11.100,49,78,0,0,true
10,7,pulse,400,13.997307135,14.003381187,2259,1.687378867,11.200,48,2,0,0,true
10,8,pulse,400,14.009350346,14.015370101,2466,1.687378867,11.400,48,82,0,0,true
10,9,pulse,400,14.021314122,14.027424666,2606,1.687378867,11.400,49,88,0,0,true
10,10,pulse,400,14.033289751,14.039302128,2472,1.764077906,11.300,49,33,0,0,true
10,11,rest,0,14.057335620,14.063256239,2623,1.533980788,11.700,49,47,0,1,true
10,12,rest,0,14.069392198,14.075185689,2483,0.843689433,11.600,48,6,0,1,true
10,4,rest,0,14.081310840,14.087319602,2231,0.536893276,11.500,49,0,0,1,true
10,5,rest,0,14.093147894,14.099257750,2435,0.383495197,11.700,48,2,0,1,true
10,6,rest,0,14.105153122,14.111156548,2099,0.153398079,11.600,49,13,0,1,true
10,7,rest,0,14.117206488,14.123373645,2332,0.000000000,11.800,48,0,0,1,true
10,8,rest,0,14.129068007,14.135350155,2524,0.000000000,11.900,48,40,0,1,true
10,9,rest,0,14.141222982,14.147146618,2652,0.000000000,11.900,49,37,0,1,true
10,10,rest,0,14.153237475,14.159443252,2504,0.000000000,11.900,49,0,0,1,true
10,11,rest,0,14.165236755,14.171483725,2633,0.000000000,12.100,49,35,0,1,true
10,12,rest,0,14.177459527,14.183271460,2487,0.000000000,11.900,48,0,0,1,true
10,4,rest,0,14.189408139,14.195390154,2232,0.000000000,11.800,49,0,0,1,true
10,5,rest,0,14.201804903,14.207449094,2435,0.000000000,12.000,48,0,0,1,true
10,6,rest,0,14.213396510,14.219484701,2099,0.000000000,11.800,49,11,0,1,true
10,7,rest,0,14.225320136,14.231219723,2332,0.000000000,11.900,48,0,0,1,true
10,8,rest,0,14.237223153,14.243112252,2524,0.000000000,12.000,48,40,0,1,true
10,9,rest,0,14.249348323,14.255288744,2652,0.000000000,12.000,49,37,0,1,true
10,10,rest,0,14.261284885,14.267241658,2504,0.000000000,12.000,49,0,0,1,true
10,11,rest,0,14.273156400,14.279405310,2633,0.000000000,12.200,49,35,0,1,true
10,12,rest,0,14.285223064,14.291575889,2487,0.000000000,12.000,48,0,0,1,true
10,4,rest,0,14.297570383,14.303205095,2232,0.000000000,11.900,49,0,0,1,true
10,5,rest,0,14.309454445,14.315131703,2435,0.000000000,12.000,48,0,0,1,true
10,6,rest,0,14.321212148,14.327163847,2099,0.000000000,11.800,49,11,0,1,true
10,7,rest,0,14.333358481,14.339190131,2332,0.000000000,12.000,48,0,0,1,true
10,8,rest,0,14.345264793,14.351381072,2524,0.000000000,12.000,48,40,0,1,true
10,9,rest,0,14.357346129,14.363141232,2652,0.000000000,12.000,49,37,0,1,true
10,10,rest,0,14.369097267,14.375370720,2505,0.000000000,12.000,49,0,0,1,true
10,11,rest,0,14.381265057,14.387229036,2633,0.000000000,12.200,49,36,0,1,true
10,12,rest,0,14.393265820,14.399273317,2487,0.000000000,12.000,48,0,0,1,true
10,4,rest,0,14.405298361,14.411212192,2232,0.000000000,11.900,49,0,0,1,true
10,5,rest,0,14.417970187,14.423470709,2435,0.000000000,12.000,48,0,0,1,true
10,6,rest,0,14.429197616,14.435282804,2099,0.000000000,11.800,49,11,0,1,true
10,7,rest,0,14.441089449,14.447072501,2332,0.000000000,12.000,48,0,0,1,true
10,8,rest,0,14.453061505,14.459258972,2524,0.000000000,12.000,48,40,0,1,true
10,9,rest,0,14.465167387,14.471207447,2652,0.000000000,12.000,49,37,0,1,true
10,10,rest,0,14.477030911,14.483296298,2505,0.000000000,12.000,49,0,0,1,true
10,11,rest,0,14.489309340,14.495217829,2633,0.000000000,12.200,49,36,0,1,true
10,12,rest,0,14.501192174,14.507480589,2488,0.000000000,12.000,48,0,0,1,true
10,4,rest,0,14.513262737,14.519369195,2232,0.000000000,11.900,49,0,0,1,true
10,5,rest,0,14.525202620,14.531125567,2435,0.000000000,12.000,48,0,0,1,true
10,6,rest,0,14.537485889,14.543293496,2099,0.000000000,11.800,49,11,0,1,true
11,4,pulse,-400,15.131043407,15.137082160,2231,-0.153398079,11.400,49,64,0,0,true
11,5,pulse,-400,15.143166524,15.149233021,2428,-0.536893276,11.100,49,130,0,0,true
11,6,pulse,-400,15.155206645,15.161336994,2084,-0.920388473,10.800,49,129,0,0,true
11,7,pulse,-400,15.167521959,15.173242430,2308,-1.150485591,10.900,48,52,0,0,true
11,8,pulse,-400,15.179051176,15.185272324,2489,-1.380582709,11.000,48,127,0,0,true
11,9,pulse,-400,15.191174820,15.197100696,2604,-1.457281748,11.100,49,113,0,0,true
11,10,pulse,-400,15.203451909,15.209309246,2442,-1.380582709,11.100,49,55,0,0,true
11,11,pulse,-400,15.215215561,15.221101557,2558,-1.687378867,11.400,49,88,0,0,true
11,12,pulse,-400,15.227199860,15.232982588,2398,-1.687378867,11.200,48,21,0,0,true
11,4,pulse,-400,15.239118621,15.245112822,2132,-1.610679827,11.100,49,0,0,0,true
11,5,pulse,-400,15.251034633,15.257134933,2316,-1.840776945,11.200,49,28,0,0,true
11,6,pulse,-400,15.263202665,15.269225733,1975,-1.687378867,11.100,49,66,0,0,true
11,7,pulse,-400,15.275516299,15.281332528,2198,-1.687378867,11.200,48,2,0,0,true
11,8,pulse,-400,15.287238346,15.293044885,2371,-1.687378867,11.300,48,87,0,0,true
11,9,pulse,-400,15.299275305,15.305256448,2486,-1.687378867,11.400,49,82,0,0,true
11,10,pulse,-400,15.311053985,15.317151564,2326,-1.687378867,11.300,49,28,0,0,true
11,11,rest,0,15.335313539,15.341234292,2426,-1.227184630,11.700,49,58,0,1,true
11,12,rest,0,15.347148702,15.353099553,2271,-1.150485591,11.600,48,6,0,1,true
11,4,rest,0,15.359216695,15.365777499,2023,-0.383495197,11.500,50,0,0,1,true
11,5,rest,0,15.371669911,15.377764689,2215,-0.306796158,11.700,48,2,0,1,true
11,6,rest,0,15.383134024,15.389315240,1893,-0.153398079,11.600,49,12,0,1,true
11,7,rest,0,15.395270133,15.401054322,2126,0.000000000,11.800,48,0,0,1,true
11,8,rest,0,15.407197896,15.413173390,2312,0.000000000,11.900,48,40,0,1,true
11,9,rest,0,15.418981855,15.425089600,2441,0.000000000,11.900,49,37,0,1,true
11,10,rest,0,15.431143550,15.437158798,2293,0.000000000,11.900,49,0,0,1,true
11,11,rest,0,15.442964775,15.449242383,2418,0.000000000,12.100,49,35,0,1,true
11,12,rest,0,15.455993918,15.461709721,2266,0.000000000,11.900,48,0,0,1,true
11,4,rest,0,15.467954622,15.473825414,2022,0.000000000,11.800,50,0,0,1,true
11,5,rest,0,15.479299852,15.485085805,2215,0.000000000,12.000,48,0,0,1,true
11,6,rest,0,15.491218600,15.497156975,1893,0.000000000,11.800,49,11,0,1,true
11,7,rest,0,15.503089961,15.509023599,2126,0.000000000,11.900,48,0,0,1,true
11,8,rest,0,15.515126137,15.521188579,2312,0.000000000,12.000,48,40,0,1,true
11,9,rest,0,15.527115823,15.533378099,2440,0.000000000,12.000,49,37,0,1,true
11,10,rest,0,15.539199099,15.545437972,2293,0.000000000,12.000,49,0,0,1,true
11,11,rest,0,15.551446005,15.557069395,2418,0.000000000,12.200,49,35,0,1,true
11,12,rest,0,15.563335079,15.569736966,2266,0.000000000,12.000,48,0,0,1,true
11,4,rest,0,15.575421451,15.581212137,2022,0.000000000,11.900,50,0,0,1,true
11,5,rest,0,15.587129812,15.593028175,2214,0.000000000,12.000,49,0,0,1,true
11,6,rest,0,15.598940453,15.605290103,1893,0.000000000,11.800,49,11,0,1,true
11,7,rest,0,15.611160109,15.617202373,2126,0.000000000,12.000,48,0,0,1,true
11,8,rest,0,15.623283061,15.628958728,2312,0.000000000,12.000,48,40,0,1,true
11,9,rest,0,15.635049433,15.641133915,2440,0.000000000,12.000,49,37,0,1,true
11,10,rest,0,15.646916132,15.653132917,2293,0.000000000,12.000,49,0,0,1,true
11,11,rest,0,15.659210911,15.664961745,2418,0.000000000,12.200,49,36,0,1,true
11,12,rest,0,15.671126372,15.677131730,2266,0.000000000,12.000,48,0,0,1,true
11,4,rest,0,15.683259839,15.689140599,2022,0.000000000,11.900,50,0,0,1,true
11,5,rest,0,15.695049520,15.701057534,2214,0.000000000,12.000,49,0,0,1,true
11,6,rest,0,15.707078278,15.713382882,1893,0.000000000,11.900,49,11,0,1,true
11,7,rest,0,15.719152534,15.724931238,2126,0.000000000,12.000,48,0,0,1,true
11,8,rest,0,15.730848845,15.737023964,2312,0.000000000,12.100,48,40,0,1,true
11,9,rest,0,15.743094968,15.749001631,2440,0.000000000,12.000,49,37,0,1,true
11,10,rest,0,15.755318568,15.762600052,2293,0.000000000,12.000,49,0,0,1,true
11,11,rest,0,15.767368792,15.773034699,2418,0.000000000,12.200,49,35,0,1,true
11,12,rest,0,15.778920689,15.785561596,2266,0.000000000,12.000,48,0,0,1,true
11,4,rest,0,15.790937589,15.797020365,2022,0.000000000,11.900,50,0,0,1,true
11,5,rest,0,15.803143185,15.809413598,2214,0.000000000,12.000,49,0,0,1,true
11,6,rest,0,15.815267319,15.821489917,1893,0.000000000,11.900,49,11,0,1,true
12,4,pulse,500,16.409147956,16.415214466,2024,0.000000000,11.100,50,148,0,0,true
12,5,pulse,500,16.421052655,16.427244821,2223,0.306796158,10.800,49,158,0,0,true
12,6,pulse,500,16.433512605,16.439217592,1910,1.227184630,10.500,49,165,0,0,true
12,7,pulse,500,16.445184540,16.451066923,2154,1.457281748,10.500,48,96,0,0,true
12,8,pulse,500,16.457097819,16.463075211,2353,1.457281748,10.500,48,160,0,0,true
12,9,pulse,500,16.469075703,16.474934948,2497,1.687378867,10.700,49,138,0,0,true
12,10,pulse,500,16.481252464,16.487044198,2366,1.840776945,10.700,49,82,0,0,true
12,11,pulse,500,16.492955443,16.499088308,2507,1.994175024,10.900,49,112,0,0,true
12,12,pulse,500,16.505060998,16.511355523,2374,2.147573103,10.900,48,53,0,0,true
12,4,pulse,500,16.517242263,16.523038815,2138,1.994175024,10.600,50,2,0,0,true
12,5,pulse,500,16.528948081,16.535098218,2355,2.147573103,10.900,49,41,0,0,true
12,6,pulse,500,16.541074544,16.547179648,2035,1.917475985,10.800,49,97,0,0,true
12,7,pulse,500,16.553048161,16.559128684,2288,1.994175024,10.900,48,15,0,0,true
12,8,pulse,500,16.565132149,16.571122281,2496,2.070874064,11.100,48,103,0,0,true
12,9,pulse,500,16.576941575,16.583379444,2640,2.070874064,11.100,49,102,0,0,true
12,10,pulse,500,16.589117513,16.594882874,2508,2.070874064,11.100,49,48,0,0,true
12,11,rest,0,16.613120291,16.619020533,2673,2.070874064,11.500,49,60,0,1,true
12,12,rest,0,16.624956651,16.630916808,2532,1.073786552,11.500,48,8,0,1,true
12,4,rest,0,16.636862540,16.643114263,2274,0.690291355,11.400,50,0,0,1,true
12,5,rest,0,16.648817328,16.654957826,2485,0.460194236,11.700,49,3,0,1,true
12,6,rest,0,16.660906248,16.667186437,2138,0.000000000,11.500,49,13,0,1,true
12,7,rest,0,16.673102836,16.679043159,2379,0.000000000,11.700,48,0,0,1,true
12,8,rest,0,16.685050889,16.690913581,2568,0.000000000,11.800,48,41,0,1,true
12,9,rest,0,16.696993702,16.703187606,2696,0.000000000,11.900,49,37,0,1,true
12,10,rest,0,16.709060221,16.715093804,2550,0.000000000,11.900,49,0,0,1,true
12,11,rest,0,16.721167291,16.727209782,2687,0.000000000,12.100,49,36,0,1,true
12,12,rest,0,16.732958472,16.739100497,2539,0.000000000,11.900,48,0,0,1,true
12,4,rest,0,16.744933106,16.751026660,2276,0.000000000,11.800,50,0,0,1,true
12,5,rest,0,16.757198788,16.763140316,2486,0.000000000,12.000,49,0,0,1,true
12,6,rest,0,16.769131144,16.774941182,2138,0.000000000,11.800,49,11,0,1,true
12,7,rest,0,16.780929533,16.786996424,2379,0.000000000,11.900,48,0,0,1,true
12,8,rest,0,16.793115664,16.799000187,2568,0.000000000,12.000,48,40,0,1,true
12,9,rest,0,16.805105158,16.811072850,2697,0.000000000,12.000,49,37,0,1,true
12,10,rest,0,16.817090890,16.823054722,2550,0.000000000,12.000,49,0,0,1,true
12,11,rest,0,16.828952602,16.834846335,2687,0.000000000,12.100,49,36,0,1,true
12,12,rest,0,16.841083584,16.846914267,2539,0.000000000,12.000,48,0,0,1,true
12,4,rest,0,16.852870072,16.859013600,2276,0.000000000,11.900,50,0,0,1,true
12,5,rest,0,16.865088423,16.870916712,2486,0.000000000,12.000,49,0,0,1,true
12,6,rest,0,16.877006124,16.882960279,2138,0.000000000,11.800,49,11,0,1,true
12,7,rest,0,16.889007047,16.894996831,2379,0.000000000,12.000,48,0,0,1,true
12,8,rest,0,16.900871207,16.906932097,2568,0.000000000,12.000,48,40,0,1,true
12,9,rest,0,16.912984022,16.918983184,2697,0.000000000,12.000,49,37,0,1,true
12,10,rest,0,16.925097282,16.930922142,2550,0.000000000,12.000,49,0,0,1,true
12,11,rest,0,16.936939719,16.942954732,2687,0.000000000,12.200,49,35,0,1,true
12,12,rest,0,16.948886526,16.954893642,2539,0.000000000,12.000,48,0,0,1,true
12,4,rest,0,16.961027583,16.966970967,2276,0.000000000,11.900,50,0,0,1,true
12,5,rest,0,16.972979556,16.978889542,2486,0.000000000,12.000,49,0,0,1,true
12,6,rest,0,16.985085901,16.990888725,2138,0.000000000,11.800,49,11,0,1,true
12,7,rest,0,16.997077251,17.003175209,2379,0.000000000,12.000,48,0,0,1,true
12,8,rest,0,17.008892071,17.015137664,2568,0.000000000,12.000,48,40,0,1,true
12,9,rest,0,17.021016399,17.027066148,2697,0.000000000,12.000,49,37,0,1,true
12,10,rest,0,17.032988549,17.039049246,2551,0.000000000,12.000,49,0,0,1,true
12,11,rest,0,17.044895790,17.050808446,2687,0.000000000,12.200,49,35,0,1,true
12,12,rest,0,17.058251509,17.063457964,2539,0.000000000,12.000,48,0,0,1,true
12,4,rest,0,17.069071651,17.074903271,2276,0.000000000,11.900,50,0,0,1,true
12,5,rest,0,17.081047643,17.086963607,2486,0.000000000,12.000,49,0,0,1,true
12,6,rest,0,17.092892049,17.099136856,2138,0.000000000,11.800,49,11,0,1,true
13,4,pulse,-500,17.680879951,17.686900988,2274,0.000000000,11.100,50,153,0,0,true
13,5,pulse,-500,17.692852624,17.698803632,2478,-0.306796158,10.800,49,158,0,0,true
13,6,pulse,-500,17.704886032,17.711011556,2123,-1.150485591,10.500,49,155,0,0,true
13,7,pulse,-500,17.716889189,17.723098591,2352,-1.457281748,10.500,48,101,0,0,true
13,8,pulse,-500,17.728909854,17.734860539,2526,-1.533980788,10.500,48,157,0,0,true
13,9,pulse,-500,17.740892526,17.746781230,2640,-1.687378867,10.700,49,147,0,0,true
13,10,pulse,-500,17.754471287,17.759087098,2477,-1.840776945,10.700,49,75,0,0,true
13,11,pulse,-500,17.764983400,17.771023946,2598,-1.917475985,10.900,49,130,0,0,true
13,12,pulse,-500,17.776928500,17.782814845,2430,-2.070874064,10.900,48,49,0,0,true
13,4,pulse,-500,17.788956795,17.794776128,2159,-1.917475985,10.600,50,3,0,0,true
13,5,pulse,-500,17.800994180,17.806948666,2345,-2.070874064,10.900,49,49,0,0,true
13,6,pulse,-500,17.813272976,17.818910922,1990,-2.070874064,10.800,49,94,0,0,true
13,7,pulse,-500,17.824878830,17.830868773,2217,-2.070874064,10.900,48,16,0,0,true
13,8,pulse,-500,17.836781146,17.842805915,2386,-2.070874064,11.000,48,102,0,0,true
13,9,pulse,-500,17.848938817,17.854970827,2497,-2.070874064,11.100,49,103,0,0,true
13,10,pulse,-500,17.861325356,17.867026151,2332,-2.147573103,11.100,49,43,0,0,true
13,11,rest,0,17.884814650,17.890746160,2438,-1.840776945,11.500,49,70,0,1,true
13,12,rest,0,17.896897074,17.903016835,2275,-1.073786552,11.500,48,9,0,1,true
13,4,rest,0,17.908858339,17.915060197,2024,-0.690291355,11.400,50,0,0,1,true
13,5,rest,0,17.920962444,17.926859819,2217,-0.460194236,11.700,49,3,0,1,true
13,6,rest,0,17.933007119,17.939605903,1887,-0.076699039,11.500,49,13,0,1,true
13,7,rest,0,17.945072062,17.950881664,2128,0.000000000,11.700,48,0,0,1,true
13,8,rest,0,17.956931112,17.963142124,2308,0.000000000,11.800,48,40,0,1,true
13,9,rest,0,17.968762469,17.974813127,2439,0.000000000,11.900,49,37,0,1,true
13,10,rest,0,17.980818453,17.986968841,2293,0.000000000,11.800,49,0,0,1,true
13,11,rest,0,17.993064168,17.999026782,2426,0.000000000,12.100,49,36,0,1,true
13,12,rest,0,18.004973919,18.010889854,2269,0.000000000,11.900,48,0,0,1,true
13,4,rest,0,18.016879050,18.023011234,2022,0.000000000,11.800,50,0,0,1,true
13,5,rest,0,18.028737529,18.034855623,2216,0.000000000,12.000,49,0,0,1,true
13,6,rest,0,18.040992454,18.047041545,1887,0.000000000,11.800,49,11,0,1,true
13,7,rest,0,18.053069192,18.058972303,2128,0.000000000,11.900,48,0,0,1,true
13,8,rest,0,18.064880700,18.071025507,2308,0.000000000,12.000,48,40,0,1,true
13,9,rest,0,18.076941834,18.082823447,2439,0.000000000,12.000,49,37,0,1,true
13,10,rest,0,18.088927190,18.094868132,2293,0.000000000,12.000,49,0,0,1,true
13,11,rest,0,18.100790661,18.107036379,2426,0.000000000,12.200,49,35,0,1,true
13,12,rest,0,18.113008819,18.119143664,2269,0.000000000,12.000,48,0,0,1,true
13,4,rest,0,18.124831595,18.130823617,2022,0.000000000,11.900,50,0,0,1,true
13,5,rest,0,18.136948469,18.142804751,2216,0.000000000,12.000,49,0,0,1,true
13,6,rest,0,18.148746261,18.154975514,1887,0.000000000,11.800,49,11,0,1,true
13,7,rest,0,18.161018161,18.167009779,2128,0.000000000,12.000,48,0,0,1,true
13,8,rest,0,18.172837685,18.178843795,2308,0.000000000,12.000,48,40,0,1,true
13,9,rest,0,18.184999557,18.190791302,2439,0.000000000,12.000,49,37,0,1,true
13,10,rest,0,18.196833511,18.202884735,2293,0.000000000,12.000,49,0,0,1,true
13,11,rest,0,18.208992754,18.215056804,2426,0.000000000,12.200,49,36,0,1,true
13,12,rest,0,18.220819074,18.226906166,2269,0.000000000,12.000,48,0,0,1,true
13,4,rest,0,18.232890919,18.238886779,2022,0.000000000,11.900,50,0,0,1,true
13,5,rest,0,18.244732002,18.250755592,2216,0.000000000,12.000,49,0,0,1,true
13,6,rest,0,18.256769033,18.263106346,1887,0.000000000,11.900,49,11,0,1,true
13,7,rest,0,18.268918934,18.274881362,2128,0.000000000,12.000,48,0,0,1,true
13,8,rest,0,18.280936376,18.286982289,2308,0.000000000,12.100,48,40,0,1,true
13,9,rest,0,18.292698939,18.298908604,2439,0.000000000,12.000,49,37,0,1,true
13,10,rest,0,18.304841293,18.310977795,2293,0.000000000,12.000,49,0,0,1,true
13,11,rest,0,18.316987572,18.322770346,2426,0.000000000,12.200,49,35,0,1,true
13,12,rest,0,18.328922709,18.334889422,2269,0.000000000,12.000,48,0,0,1,true
13,4,rest,0,18.340862230,18.346932949,2022,0.000000000,11.900,50,0,0,1,true
13,5,rest,0,18.352949235,18.359806481,2216,0.000000000,12.000,49,0,0,1,true
13,6,rest,0,18.365035378,18.371705396,1887,0.000000000,11.900,49,11,0,1,true
14,4,pulse,600,18.959430132,18.965048347,2024,0.306796158,11.000,50,133,0,0,true
14,5,pulse,600,18.971490195,18.977185147,2225,0.690291355,10.400,49,248,0,0,true
14,6,pulse,600,18.982746482,18.988772336,1903,1.073786552,9.900,49,219,0,0,true
14,7,pulse,600,18.994666512,19.000751387,2159,1.533980788,9.900,48,133,0,0,true
14,8,pulse,600,19.006874215,19.012854454,2353,1.840776945,10.100,48,226,0,0,true
14,9,pulse,600,19.018838233,19.024668773,2502,1.994175024,10.100,49,201,0,0,true
14,10,pulse,600,19.031092542,19.037151145,2372,2.070874064,10.200,49,112,0,0,true
14,11,pulse,600,19.043055806,19.048883668,2526,2.300971182,10.600,49,136,0,0,true
14,12,pulse,600,19.055203583,19.061020053,2390,2.377670221,10.500,48,71,0,0,true
14,4,pulse,600,19.066993367,19.072759642,2152,2.300971182,10.300,50,34,0,0,true
14,5,pulse,600,19.078795603,19.084963704,2374,2.531068300,10.400,49,69,0,0,true
14,6,pulse,600,19.090705923,19.096721632,2045,2.224272142,10.300,49,123,0,0,true
14,7,pulse,600,19.102724899,19.109032658,2312,2.377670221,10.500,49,35,0,0,true
14,8,pulse,600,19.114815432,19.120684349,2513,2.224272142,10.700,48,145,0,0,true
14,9,pulse,600,19.126836771,19.132871783,2667,2.377670221,10.800,49,129,0,0,true
14,10,pulse,600,19.138883188,19.144804557,2540,2.531068300,10.800,49,69,0,0,true
14,11,rest,0,19.162930107,19.168694962,2721,2.531068300,11.300,49,65,0,1,true
14,12,rest,0,19.174893180,19.180702145,2575,1.840776945,11.300,48,12,0,1,true
14,4,rest,0,19.186875817,19.192697410,2304,0.460194236,11.200,50,2,0,1,true
14,5,rest,0,19.198952261,19.204808734,2527,0.383495197,11.500,49,3,0,1,true
14,6,rest,0,19.210912879,19.216918687,2170,0.230097118,11.400,49,13,0,1,true
14,7,rest,0,19.222887400,19.228907095,2419,0.000000000,11.600,48,0,0,1,true
14,8,rest,0,19.234830580,19.240798997,2601,0.000000000,11.800,48,41,0,1,true
14,9,rest,0,19.246784259,19.252612951,2734,0.000000000,11.800,49,37,0,1,true
14,10,rest,0,19.258837026,19.264896576,2592,0.000000000,11.800,49,0,0,1,true
14,11,rest,0,19.270879236,19.276684516,2739,0.000000000,12.000,49,35,0,1,true
14,12,rest,0,19.282828206,19.288780271,2585,0.000000000,11.900,48,0,0,1,true
14,4,rest,0,19.294793741,19.300819386,2306,0.000000000,11.800,50,0,0,1,true
14,5,rest,0,19.306802562,19.312839836,2528,0.000000000,11.900,49,0,0,1,true
14,6,rest,0,19.318817904,19.324796266,2170,0.000000000,11.800,49,11,0,1,true
14,7,rest,0,19.330632730,19.336861788,2419,0.000000000,11.900,48,0,0,1,true
14,8,rest,0,19.342664900,19.348720080,2601,0.000000000,12.000,48,40,0,1,true
14,9,rest,0,19.354964786,19.360776403,2734,0.000000000,12.000,49,37,0,1,true
14,10,rest,0,19.366783771,19.372649882,2592,0.000000000,11.900,49,0,0,1,true
14,11,rest,0,19.378559678,19.384753702,2739,0.000000000,12.100,49,35,0,1,true
14,12,rest,0,19.390666734,19.396647583,2585,0.000000000,12.000,48,0,0,1,true
14,4,rest,0,19.402623846,19.408832826,2306,0.000000000,11.900,50,0,0,1,true
14,5,rest,0,19.414857839,19.420649581,2528,0.000000000,12.000,49,0,0,1,true
14,6,rest,0,19.426638601,19.432952851,2170,0.000000000,11.800,49,11,0,1,true
14,7,rest,0,19.439015705,19.444878106,2420,0.000000000,12.000,49,0,0,1,true
14,8,rest,0,19.450631891,19.457044640,2601,0.000000000,12.000,48,40,0,1,true
14,9,rest,0,19.465162117,19.474690319,2734,0.000000000,12.000,49,37,0,1,true
14,10,rest,0,19.480700467,19.486698565,2592,0.000000000,12.000,49,0,0,1,true
14,11,rest,0,19.492673653,19.498657726,2739,0.000000000,12.200,49,35,0,1,true
14,12,rest,0,19.504726713,19.510740702,2585,0.000000000,12.000,48,0,0,1,true
14,4,rest,0,19.520380566,19.528711972,2306,0.000000000,11.900,50,0,0,1,true
14,5,rest,0,19.534714466,19.540716960,2528,0.000000000,12.000,49,0,0,1,true
14,6,rest,0,19.546716701,19.553346785,2170,0.000000000,11.800,49,11,0,1,true
14,7,rest,0,19.559027577,19.565404412,2420,0.000000000,12.000,48,0,0,1,true
14,8,rest,0,19.570720784,19.576876405,2601,0.000000000,12.000,48,40,0,1,true
14,9,rest,0,19.582666255,19.588610722,2734,0.000000000,12.000,49,37,0,1,true
14,10,rest,0,19.594916045,19.601075814,2592,0.000000000,12.000,49,0,0,1,true
14,11,rest,0,19.606912996,19.612858824,2739,0.000000000,12.200,49,36,0,1,true
14,12,rest,0,19.618764761,19.624627665,2585,0.000000000,12.000,48,0,0,1,true
14,4,rest,0,19.630716480,19.636685485,2306,0.000000000,11.900,50,0,0,1,true
14,5,rest,0,19.642682652,19.648571800,2528,0.000000000,12.000,49,0,0,1,true
15,4,pulse,-600,20.230595154,20.236694629,2304,-0.230097118,11.000,50,131,0,0,true
15,5,pulse,-600,20.242681265,20.248688681,2519,-0.690291355,10.400,49,241,0,0,true
15,6,pulse,-600,20.254757811,20.260638228,2153,-1.150485591,9.900,49,218,0,0,true
15,7,pulse,-600,20.266610734,20.272713531,2388,-1.457281748,9.900,49,128,0,0,true
15,8,pulse,-600,20.278618372,20.284611892,2556,-1.840776945,10.100,48,225,0,0,true
15,9,pulse,-600,20.290550734,20.296608189,2673,-1.994175024,10.200,49,201,0,0,true
15,10,pulse,-600,20.302941888,20.308769230,2512,-2.070874064,10.100,49,125,0,0,true
15,11,pulse,-600,20.314562878,20.320640864,2638,-2.224272142,10.600,49,141,0,0,true
15,12,pulse,-600,20.326544279,20.332718549,2459,-2.377670221,10.500,48,59,0,0,true
15,4,pulse,-600,20.338663311,20.344705869,2175,-2.300971182,10.300,50,19,0,0,true
15,5,pulse,-600,20.350628056,20.356551780,2368,-2.531068300,10.400,49,70,0,0,true
15,6,pulse,-600,20.362788038,20.368512089,2005,-2.377670221,10.300,49,113,0,0,true
15,7,pulse,-600,20.374661104,20.380684418,2234,-2.377670221,10.500,49,39,0,0,true
15,8,pulse,-600,20.386620790,20.392582209,2394,-2.454369261,10.700,48,127,0,0,true
15,9,pulse,-600,20.398492904,20.404798761,2508,-2.454369261,10.800,49,126,0,0,true
15,10,pulse,-600,20.410585434,20.416603829,2343,-2.454369261,10.800,49,57,0,0,true
15,11,rest,0,20.434705887,20.440739643,2450,-2.531068300,11.300,49,79,0,1,true
15,12,rest,0,20.446699134,20.452661308,2279,-1.533980788,11.300,48,12,0,1,true
15,4,rest,0,20.458607784,20.464711454,2016,-0.613592315,11.300,50,1,0,1,true
15,5,rest,0,20.470466179,20.476696874,2218,-0.383495197,11.500,49,3,0,1,true
15,6,rest,0,20.482698928,20.488758357,1880,-0.153398079,11.400,49,12,0,1,true
15,7,rest,0,20.494794749,20.500589405,2129,-0.076699039,11.600,49,1,0,1,true
15,8,rest,0,20.506571013,20.512717140,2302,0.000000000,11.800,48,41,0,1,true
15,9,rest,0,20.518567589,20.524644693,2436,0.000000000,11.800,49,37,0,1,true
15,10,rest,0,20.530557491,20.536587856,2291,0.000000000,11.800,49,0,0,1,true
15,11,rest,0,20.542703790,20.548490534,2434,0.000000000,12.000,49,36,0,1,true
15,12,rest,0,20.554694295,20.560607184,2272,0.000000000,11.900,48,0,0,1,true
15,4,rest,0,20.566575421,20.572717304,2013,0.000000000,11.800,50,0,0,1,true
15,5,rest,0,20.578565507,20.584904199,2218,0.000000000,11.900,49,0,0,1,true
15,6,rest,0,20.590865171,20.597142288,1879,0.000000000,11.800,49,11,0,1,true
15,7,rest,0,20.602734821,20.608643993,2129,0.000000000,11.900,49,0,0,1,true
15,8,rest,0,20.614675249,20.620835215,2302,0.000000000,12.000,48,40,0,1,true
15,9,rest,0,20.626600949,20.632652012,2436,0.000000000,12.000,49,37,0,1,true
15,10,rest,0,20.638571119,20.644591813,2291,0.000000000,11.900,49,0,0,1,true
15,11,rest,0,20.650618271,20.657621436,2434,0.000000000,12.100,49,36,0,1,true
15,12,rest,0,20.663003815,20.668734015,2272,0.000000000,12.000,48,0,0,1,true
15,4,rest,0,20.674581063,20.680720911,2013,0.000000000,11.900,50,0,0,1,true
15,5,rest,0,20.686478899,20.692636821,2218,0.000000000,12.000,49,0,0,1,true
15,6,rest,0,20.698556424,20.704689158,1879,0.000000000,11.800,49,11,0,1,true
15,7,rest,0,20.710697994,20.716481239,2129,0.000000000,12.000,49,0,0,1,true
15,8,rest,0,20.722663873,20.728613612,2302,0.000000000,12.000,48,40,0,1,true
15,9,rest,0,20.734584468,20.740602101,2436,0.000000000,12.000,49,37,0,1,true
15,10,rest,0,20.746595059,20.752701258,2291,0.000000000,12.000,50,0,0,1,true
15,11,rest,0,20.758728213,20.764873668,2434,0.000000000,12.200,49,36,0,1,true
15,12,rest,0,20.770656048,20.776845998,2272,0.000000000,12.000,48,0,0,1,true
15,4,rest,0,20.783661233,20.788771633,2012,0.000000000,11.900,50,0,0,1,true
15,5,rest,0,20.794602723,20.800571461,2218,0.000000000,12.000,49,0,0,1,true
15,6,rest,0,20.806496388,20.812552670,1879,0.000000000,11.900,49,11,0,1,true
15,7,rest,0,20.818797514,20.824610280,2129,0.000000000,12.000,49,0,0,1,true
15,8,rest,0,20.830413626,20.836782773,2302,0.000000000,12.100,48,40,0,1,true
15,9,rest,0,20.842639030,20.849162809,2436,0.000000000,12.000,49,37,0,1,true
15,10,rest,0,20.854862290,20.860718184,2291,0.000000000,12.000,49,0,0,1,true
15,11,rest,0,20.866797192,20.872526395,2434,0.000000000,12.200,49,36,0,1,true
15,12,rest,0,20.878610870,20.884693854,2272,0.000000000,12.000,48,0,0,1,true
15,4,rest,0,20.891187738,20.896851548,2012,0.000000000,11.900,50,0,0,1,true
15,5,rest,0,20.902908968,20.908698510,2218,0.000000000,12.000,49,0,0,1,true
15,6,rest,0,20.914719834,20.920689748,1879,0.000000000,11.800,49,11,0,1,true
16,4,pulse,700,21.502675374,21.508686061,2014,0.306796158,10.800,50,157,0,0,true
16,5,pulse,700,21.515462676,21.521030003,2227,0.690291355,10.100,49,288,0,0,true
16,6,pulse,700,21.526496246,21.532402998,1896,1.150485591,9.500,49,293,0,0,true
16,7,pulse,700,21.538478921,21.544552591,2162,1.533980788,9.400,49,189,0,0,true
16,8,pulse,700,21.551628906,21.556775630,2353,1.917475985,9.600,48,274,0,0,true
16,9,pulse,700,21.562808531,21.569036126,2504,2.147573103,9.700,49,243,0,0,true
16,10,pulse,700,21.574580414,21.580530401,2376,2.224272142,9.600,49,142,0,0,true
16,11,pulse,700,21.586437326,21.592475261,2543,2.454369261,10.200,49,182,0,0,true
16,12,pulse,700,21.598528739,21.604635332,2407,2.684466379,10.000,48,92,0,0,true
16,4,pulse,700,21.610628416,21.616445697,2153,2.531068300,9.800,50,63,0,0,true
16,5,pulse,700,21.622579594,21.629471977,2390,2.761165418,10.000,49,83,0,0,true
16,6,pulse,700,21.634681686,21.640751402,2054,2.531068300,9.900,49,151,0,0,true
16,7,pulse,700,21.646368284,21.652781972,2332,2.684466379,10.100,49,46,0,0,true
16,8,pulse,700,21.658557450,21.664525271,2529,2.684466379,10.300,48,166,0,0,true
16,9,pulse,700,21.670456744,21.676465958,2685,2.684466379,10.400,49,148,0,0,true
16,10,pulse,700,21.682463158,21.688438861,2565,2.761165418,10.400,50,89,0,0,true
16,11,rest,0,21.706825485,21.712506367,2764,3.067961576,11.100,49,73,0,1,true
16,12,rest,0,21.718549174,21.724651351,2614,1.994175024,11.100,48,15,0,1,true
16,4,rest,0,21.730323784,21.736375001,2333,0.766990394,11.100,50,4,0,1,true
16,5,rest,0,21.742500795,21.748610131,2563,0.460194236,11.400,49,4,0,1,true
16,6,rest,0,21.754647841,21.760792887,2196,0.230097118,11.300,49,13,0,1,true
16,7,rest,0,21.766678866,21.772458439,2453,0.153398079,11.500,49,1,0,1,true
16,8,rest,0,21.778648997,21.784561721,2633,0.000000000,11.700,48,41,0,1,true
16,9,rest,0,21.790631827,21.796683064,2766,0.000000000,11.800,49,37,0,1,true
16,10,rest,0,21.802397162,21.808651061,2626,0.000000000,11.800,50,0,0,1,true
16,11,rest,0,21.814469463,21.820609526,2789,0.000000000,12.000,49,35,0,1,true
16,12,rest,0,21.826504025,21.832645916,2624,0.000000000,11.900,48,0,0,1,true
16,4,rest,0,21.838447686,21.844375734,2338,0.000000000,11.800,50,0,0,1,true
16,5,rest,0,21.850490746,21.856432602,2564,0.000000000,11.900,49,0,0,1,true
16,6,rest,0,21.862305241,21.868461012,2196,0.000000000,11.800,49,11,0,1,true
16,7,rest,0,21.874524539,21.880457268,2453,0.000000000,11.900,49,0,0,1,true
16,8,rest,0,21.886412957,21.892644196,2633,0.000000000,12.000,48,40,0,1,true
16,9,rest,0,21.898544502,21.904692384,2766,0.000000000,12.000,49,36,0,1,true
16,10,rest,0,21.910374132,21.916466659,2626,0.000000000,11.900,50,0,0,1,true
16,11,rest,0,21.922467077,21.928433093,2789,0.000000000,12.100,49,36,0,1,true
16,12,rest,0,21.934322805,21.940373133,2624,0.000000000,12.000,48,0,0,1,true
16,4,rest,0,21.946525239,21.952584659,2338,0.000000000,11.900,50,0,0,1,true
16,5,rest,0,21.958694180,21.964754201,2564,0.000000000,12.000,49,0,0,1,true
16,6,rest,0,21.970721378,21.976752067,2196,0.000000000,11.800,49,11,0,1,true
16,7,rest,0,21.982558540,21.988570970,2453,0.000000000,12.000,49,0,0,1,true
16,8,rest,0,21.994699040,22.000424504,2633,0.000000000,12.000,48,40,0,1,true
16,9,rest,0,22.006361139,22.012412524,2766,0.000000000,12.000,49,37,0,1,true
16,10,rest,0,22.018564298,22.024630559,2626,0.000000000,12.000,50,0,0,1,true
16,11,rest,0,22.030405094,22.036816443,2789,0.000000000,12.200,49,36,0,1,true
16,12,rest,0,22.042750803,22.048536920,2624,0.000000000,12.000,48,0,0,1,true
16,4,rest,0,22.054506945,22.061127090,2338,0.000000000,11.900,50,0,0,1,true
16,5,rest,0,22.066546372,22.072565535,2564,0.000000000,12.000,49,0,0,1,true
16,6,rest,0,22.078509233,22.084504883,2196,0.000000000,11.800,49,11,0,1,true
16,7,rest,0,22.090517512,22.096414488,2453,0.000000000,12.000,49,0,0,1,true
16,8,rest,0,22.102478301,22.108476135,2633,0.000000000,12.000,48,40,0,1,true
16,9,rest,0,22.114544267,22.120379666,2766,0.000000000,12.000,49,37,0,1,true
16,10,rest,0,22.126376637,22.132312724,2626,0.000000000,12.000,50,0,0,1,true
16,11,rest,0,22.138356727,22.144564507,2789,0.000000000,12.200,49,35,0,1,true
16,12,rest,0,22.150557567,22.156618500,2624,0.000000000,12.000,48,0,0,1,true
16,4,rest,0,22.162402250,22.168567869,2338,0.000000000,11.900,50,0,0,1,true
16,5,rest,0,22.174643498,22.180503829,2564,0.000000000,12.000,49,0,0,1,true
16,6,rest,0,22.186553419,22.192579718,2196,0.000000000,11.800,49,12,0,1,true
17,4,pulse,-700,22.774807814,22.780561271,2336,-0.230097118,10.800,50,150,0,0,true
17,5,pulse,-700,22.786421896,22.792415802,2555,-0.690291355,10.100,49,290,0,0,true
17,6,pulse,-700,22.798347397,22.804433712,2179,-1.150485591,9.500,49,266,0,0,true
17,7,pulse,-700,22.810381240,22.816343509,2420,-1.533980788,9.400,49,186,0,0,true
17,8,pulse,-700,22.822395629,22.828453867,2585,-1.917475985,9.600,48,276,0,0,true
17,9,pulse,-700,22.834311736,22.840491629,2700,-2.224272142,9.700,49,240,0,0,true
17,10,pulse,-700,22.846438865,22.852466111,2540,-2.300971182,9.700,50,166,0,0,true
17,11,pulse,-700,22.858544890,22.864446153,2677,-2.454369261,10.200,49,171,0,0,true
17,12,pulse,-700,22.870328357,22.876524733,2487,-2.684466379,10.000,48,108,0,0,true
17,4,pulse,-700,22.882408760,22.888540015,2195,-2.531068300,9.900,50,45,0,0,true
17,5,pulse,-700,22.894528917,22.900482402,2394,-2.837864458,10.000,49,92,0,0,true
17,6,pulse,-700,22.906638935,22.912769557,2016,-2.684466379,9.900,49,120,0,0,true
17,7,pulse,-700,22.918299331,22.924388164,2250,-2.607767339,10.100,49,54,0,0,true
17,8,pulse,-700,22.930401158,22.936422247,2407,-2.761165418,10.400,48,163,0,0,true
17,9,pulse,-700,22.942291787,22.948288948,2515,-2.837864458,10.400,49,162,0,0,true
17,10,pulse,-700,22.954441448,22.960483802,2351,-2.837864458,10.500,50,102,0,0,true
17,11,rest,0,22.978512252,22.984224303,2460,-2.991262536,11.100,49,82,0,1,true
17,12,rest,0,22.990443075,22.996434425,2285,-1.840776945,11.100,48,18,0,1,true
17,4,rest,0,23.002488850,23.008454910,2014,-0.690291355,11.100,50,1,0,1,true
17,5,rest,0,23.014663700,23.020543447,2223,-0.460194236,11.400,49,4,0,1,true
17,6,rest,0,23.026207233,23.032539011,1873,-0.230097118,11.300,49,13,0,1,true
17,7,rest,0,23.038400630,23.044294459,2129,-0.076699039,11.500,49,1,0,1,true
17,8,rest,0,23.050272766,23.056467142,2301,-0.076699039,11.700,48,41,0,1,true
17,9,rest,0,23.062335501,23.068823888,2432,0.000000000,11.800,49,37,0,1,true
17,10,rest,0,23.074392750,23.080347522,2290,0.000000000,11.700,50,0,0,1,true
17,11,rest,0,23.086361992,23.092374608,2439,0.000000000,12.000,49,36,0,1,true
17,12,rest,0,23.098502281,23.104538111,2276,0.000000000,11.900,48,0,0,1,true
17,4,rest,0,23.110464439,23.116318093,2010,0.000000000,11.800,50,0,0,1,true
17,5,rest,0,23.122414298,23.128373943,2222,0.000000000,11.900,49,0,0,1,true
17,6,rest,0,23.134408532,23.140286623,1873,0.000000000,11.800,49,11,0,1,true
17,7,rest,0,23.146354949,23.152431707,2129,0.000000000,11.900,49,0,0,1,true
17,8,rest,0,23.158353037,23.164601273,2301,0.000000000,12.000,48,40,0,1,true
17,9,rest,0,23.170263184,23.176452355,2432,0.000000000,12.000,49,37,0,1,true
17,10,rest,0,23.182395658,23.188332828,2290,0.000000000,11.900,50,0,0,1,true
17,11,rest,0,23.194267205,23.200516455,2439,0.000000000,12.100,49,36,0,1,true
17,12,rest,0,23.206247978,23.212403495,2276,0.000000000,12.000,48,0,0,1,true
17,4,rest,0,23.218569489,23.224277845,2010,0.000000000,11.900,50,0,0,1,true
17,5,rest,0,23.230511610,23.236275370,2222,0.000000000,12.000,49,0,0,1,true
17,6,rest,0,23.242506346,23.248347089,1873,0.000000000,11.800,49,11,0,1,true
17,7,rest,0,23.254663001,23.260549245,2129,0.000000000,12.000,49,0,0,1,true
17,8,rest,0,23.266317100,23.272453543,2301,0.000000000,12.000,48,40,0,1,true
17,9,rest,0,23.278488985,23.284230942,2432,0.000000000,12.000,49,37,0,1,true
17,10,rest,0,23.290262362,23.296438645,2290,0.000000000,12.000,50,0,0,1,true
17,11,rest,0,23.302497463,23.308507142,2439,0.000000000,12.200,49,35,0,1,true
17,12,rest,0,23.314339318,23.320455336,2276,0.000000000,12.000,48,0,0,1,true
17,4,rest,0,23.326221901,23.332477607,2010,0.000000000,11.900,50,0,0,1,true
17,5,rest,0,23.338306531,23.344444182,2222,0.000000000,12.000,49,0,0,1,true
17,6,rest,0,23.350526690,23.356496367,1873,0.000000000,11.800,49,11,0,1,true
17,7,rest,0,23.362393742,23.368555197,2129,0.000000000,12.000,49,0,0,1,true
17,8,rest,0,23.374397707,23.380521226,2301,0.000000000,12.000,48,40,0,1,true
17,9,rest,0,23.386294533,23.392400438,2432,0.000000000,12.000,49,36,0,1,true
17,10,rest,0,23.398318162,23.404310048,2290,0.000000000,12.000,50,0,0,1,true
17,11,rest,0,23.410361892,23.417379672,2439,0.000000000,12.200,49,35,0,1,true
17,12,rest,0,23.422296145,23.428370035,2276,0.000000000,12.000,48,0,0,1,true
17,4,rest,0,23.434175332,23.440481514,2010,0.000000000,11.900,50,0,0,1,true
17,5,rest,0,23.446429800,23.452701756,2222,0.000000000,12.000,49,0,0,1,true
17,6,rest,0,23.458443698,23.464442455,1873,0.000000000,11.900,49,11,0,1,true
