id,stage,phase,drive_raw,command_start_s,request_s,completion_s,position_raw,speed_raw,speed_rad_s,voltage_v,temperature_c,current_raw,status
12,0,pulse,100,0.109427221,0.115119612,0.121187374,2110,0,0.000000000,12.200,46,0,0
12,0,pulse,100,0.109427221,0.121372434,0.127567699,2110,0,0.000000000,12.200,46,6,0
12,0,pulse,100,0.109427221,0.127748278,0.133291576,2111,100,0.153398079,12.200,46,6,0
12,0,pulse,100,0.109427221,0.133473291,0.139309918,2112,100,0.153398079,12.200,46,5,0
12,0,pulse,100,0.109427221,0.139487932,0.145461325,2113,150,0.230097118,12.200,46,5,0
12,0,pulse,100,0.109427221,0.145715026,0.151261873,2114,150,0.230097118,12.200,46,3,0
12,0,pulse,100,0.109427221,0.151469959,0.157486153,2116,200,0.306796158,12.200,46,3,0
12,0,pulse,100,0.109427221,0.157689565,0.163650284,2117,200,0.306796158,12.200,46,2,0
12,0,zero_drive,0,0.109427221,0.175492072,0.181789903,2121,250,0.383495197,12.200,46,1,0
12,0,zero_drive,0,0.109427221,0.182123066,0.188026162,2122,250,0.383495197,12.200,46,0,0
12,0,zero_drive,0,0.109427221,0.188362109,0.193922777,2123,100,0.153398079,12.200,46,0,0
12,0,zero_drive,0,0.109427221,0.194267863,0.200017189,2123,100,0.153398079,12.200,46,0,0
12,0,zero_drive,0,0.109427221,0.200361104,0.205387030,2123,50,0.076699039,12.200,46,0,0
12,0,zero_drive,0,0.109427221,0.205655488,0.211599154,2123,50,0.076699039,12.200,46,0,0
12,0,zero_drive,0,0.109427221,0.211822503,0.217542390,2123,0,0.000000000,12.200,46,0,0
12,0,zero_drive,0,0.109427221,0.217748801,0.223526570,2123,0,0.000000000,12.200,46,0,0
12,0,zero_drive,0,0.109427221,0.223733128,0.229306707,2123,0,0.000000000,12.200,46,0,0
12,0,zero_drive,0,0.109427221,0.229490298,0.235330267,2123,0,0.000000000,12.200,46,0,0
12,0,zero_drive,0,0.109427221,0.235510116,0.241349233,2123,0,0.000000000,12.200,46,0,0
12,0,zero_drive,0,0.109427221,0.241532374,0.247265912,2123,0,0.000000000,12.200,46,0,0
12,0,zero_drive,0,0.109427221,0.247458027,0.253242611,2123,0,0.000000000,12.200,46,0,0
12,0,zero_drive,0,0.109427221,0.253434707,0.259359224,2123,0,0.000000000,12.200,46,0,0
12,0,zero_drive,0,0.109427221,0.259533913,0.265308275,2123,0,0.000000000,12.200,46,0,0
12,0,zero_drive,0,0.109427221,0.265483486,0.271463677,2123,0,0.000000000,12.200,46,0,0
12,0,zero_drive,0,0.109427221,0.271673978,0.277617513,2123,0,0.000000000,12.200,46,0,0
12,0,zero_drive,0,0.109427221,0.277880678,0.283846779,2123,0,0.000000000,12.200,46,0,0
12,0,zero_drive,0,0.109427221,0.284112945,0.289757057,2123,0,0.000000000,12.200,46,0,0
12,0,zero_drive,0,0.109427221,0.290086078,0.296063881,2123,0,0.000000000,12.200,46,0,0
12,0,zero_drive,0,0.109427221,0.296390683,0.301933066,2123,0,0.000000000,12.200,46,0,0
12,0,zero_drive,0,0.109427221,0.302270252,0.307546290,2123,0,0.000000000,12.200,46,0,0
12,0,zero_drive,0,0.109427221,0.307755285,0.313404241,2123,0,0.000000000,12.200,46,0,0
12,0,zero_drive,0,0.109427221,0.313615065,0.319545304,2123,0,0.000000000,12.200,46,0,0
12,0,zero_drive,0,0.109427221,0.319798750,0.325414753,2123,0,0.000000000,12.200,46,0,0
12,0,zero_drive,0,0.109427221,0.325668112,0.331589912,2123,0,0.000000000,12.200,46,0,0
12,0,zero_drive,0,0.109427221,0.331798732,0.337459608,2123,0,0.000000000,12.200,46,0,0
12,0,zero_drive,0,0.109427221,0.337713335,0.343278770,2123,0,0.000000000,12.200,46,0,0
12,0,zero_drive,0,0.109427221,0.343485778,0.349480676,2123,0,0.000000000,12.200,46,0,0
12,0,zero_drive,0,0.109427221,0.349733362,0.355666123,2123,0,0.000000000,12.200,46,0,0
12,0,zero_drive,0,0.109427221,0.355964787,0.361638527,2123,0,0.000000000,12.200,46,0,0
12,0,zero_drive,0,0.109427221,0.361891088,0.367472271,2123,0,0.000000000,12.200,46,0,0
12,0,zero_drive,0,0.109427221,0.367730297,0.373462757,2123,0,0.000000000,12.200,46,0,0
12,0,zero_drive,0,0.109427221,0.373716527,0.379431282,2123,0,0.000000000,12.200,46,0,0
12,0,zero_drive,0,0.109427221,0.379681753,0.385434794,2123,0,0.000000000,12.200,46,0,0
12,0,zero_drive,0,0.109427221,0.385686699,0.391421258,2123,0,0.000000000,12.200,46,0,0
12,0,zero_drive,0,0.109427221,0.391671098,0.397659816,2123,0,0.000000000,12.200,46,0,0
12,0,zero_drive,0,0.109427221,0.397910217,0.403386345,2123,0,0.000000000,12.200,46,0,0
12,0,zero_drive,0,0.109427221,0.403673758,0.409223117,2123,0,0.000000000,12.200,46,0,0
12,0,zero_drive,0,0.109427221,0.409430951,0.415309963,2123,0,0.000000000,12.200,46,0,0
12,0,zero_drive,0,0.109427221,0.415491587,0.421423902,2123,0,0.000000000,12.200,46,0,0
12,0,zero_drive,0,0.109427221,0.421613133,0.427336470,2123,0,0.000000000,12.200,46,0,0
12,0,zero_drive,0,0.109427221,0.427531922,0.433245647,2123,0,0.000000000,12.200,46,0,0
12,0,zero_drive,0,0.109427221,0.433428442,0.439227252,2123,0,0.000000000,12.200,46,0,0
12,0,zero_drive,0,0.109427221,0.439416352,0.445247739,2123,0,0.000000000,12.200,46,0,0
12,0,zero_drive,0,0.109427221,0.445431772,0.451463990,2123,0,0.000000000,12.200,46,0,0
12,0,zero_drive,0,0.109427221,0.451641792,0.457259242,2123,0,0.000000000,12.200,46,0,0
12,0,zero_drive,0,0.109427221,0.457438159,0.463285782,2123,0,0.000000000,12.200,46,0,0
12,0,zero_drive,0,0.109427221,0.463461877,0.469111386,2123,0,0.000000000,12.200,46,0,0
12,0,zero_drive,0,0.109427221,0.469288122,0.475166613,2123,0,0.000000000,12.200,46,0,0
12,0,zero_drive,0,0.109427221,0.475345824,0.481335157,2123,0,0.000000000,12.200,46,0,0
12,0,zero_drive,0,0.109427221,0.481511032,0.487380822,2123,0,0.000000000,12.200,46,0,0
12,0,zero_drive,0,0.109427221,0.487553609,0.493229544,2123,0,0.000000000,12.200,46,0,0
12,0,zero_drive,0,0.109427221,0.493401386,0.499162297,2123,0,0.000000000,12.200,46,0,0
12,0,zero_drive,0,0.109427221,0.499334707,0.505229852,2123,0,0.000000000,12.200,46,0,0
12,0,zero_drive,0,0.109427221,0.505404707,0.511366223,2123,0,0.000000000,12.200,46,0,0
12,0,zero_drive,0,0.109427221,0.511551219,0.517187918,2123,0,0.000000000,12.200,46,0,0
12,0,zero_drive,0,0.109427221,0.517371497,0.523260058,2123,0,0.000000000,12.200,46,0,0
12,0,zero_drive,0,0.109427221,0.523438933,0.529139217,2123,0,0.000000000,12.200,46,0,0
12,0,zero_drive,0,0.109427221,0.529319719,0.535240809,2123,0,0.000000000,12.200,46,0,0
12,0,zero_drive,0,0.109427221,0.535417596,0.541246291,2123,0,0.000000000,12.200,46,0,0
12,0,zero_drive,0,0.109427221,0.541430045,0.547327054,2123,0,0.000000000,12.200,46,0,0
12,0,zero_drive,0,0.109427221,0.547505282,0.553181312,2123,0,0.000000000,12.200,46,0,0
12,0,zero_drive,0,0.109427221,0.553358251,0.559139582,2123,0,0.000000000,12.200,46,0,0
12,0,zero_drive,0,0.109427221,0.559316532,0.565389859,2123,0,0.000000000,12.200,46,0,0
12,0,zero_drive,0,0.109427221,0.565566990,0.571331077,2123,0,0.000000000,12.200,46,0,0
12,0,zero_drive,0,0.109427221,0.571512454,0.577203662,2123,0,0.000000000,12.200,46,0,0
12,0,zero_drive,0,0.109427221,0.577385045,0.583100733,2123,0,0.000000000,12.200,46,0,0
12,0,zero_drive,0,0.109427221,0.583273856,0.589166608,2123,0,0.000000000,12.200,46,0,0
12,0,zero_drive,0,0.109427221,0.589337997,0.596373892,2123,0,0.000000000,12.200,46,0,0
12,0,zero_drive,0,0.109427221,0.596722712,0.601803345,2123,0,0.000000000,12.200,46,0,0
12,0,zero_drive,0,0.109427221,0.602146974,0.607581937,2123,0,0.000000000,12.200,46,0,0
12,0,zero_drive,0,0.109427221,0.607838669,0.613478702,2123,0,0.000000000,12.200,46,0,0
12,0,zero_drive,0,0.109427221,0.613686393,0.620019171,2123,0,0.000000000,12.200,46,0,0
12,0,zero_drive,0,0.109427221,0.620353600,0.625723453,2123,0,0.000000000,12.200,46,0,0
12,0,zero_drive,0,0.109427221,0.626059060,0.631176863,2123,0,0.000000000,12.200,46,0,0
12,0,zero_drive,0,0.109427221,0.631381357,0.637423102,2123,0,0.000000000,12.200,46,0,0
12,0,zero_drive,0,0.109427221,0.637646037,0.643442642,2123,0,0.000000000,12.200,46,0,0
12,0,zero_drive,0,0.109427221,0.643650211,0.649515212,2123,0,0.000000000,12.200,46,0,0
12,0,zero_drive,0,0.109427221,0.649720596,0.655465652,2123,0,0.000000000,12.200,46,0,0
12,0,zero_drive,0,0.109427221,0.655669150,0.661514320,2123,0,0.000000000,12.200,46,0,0
12,0,zero_drive,0,0.109427221,0.661730542,0.667491951,2123,0,0.000000000,12.200,46,0,0
12,0,zero_drive,0,0.109427221,0.667700586,0.673287728,2123,0,0.000000000,12.200,46,0,0
12,0,zero_drive,0,0.109427221,0.673521199,0.679464973,2123,0,0.000000000,12.200,46,0,0
12,0,zero_drive,0,0.109427221,0.679674719,0.685229556,2123,0,0.000000000,12.200,46,0,0
12,0,zero_drive,0,0.109427221,0.685468326,0.691265426,2123,0,0.000000000,12.200,46,0,0
12,0,zero_drive,0,0.109427221,0.691482743,0.697651893,2123,0,0.000000000,12.200,46,0,0
12,0,zero_drive,0,0.109427221,0.697944006,0.703516505,2123,0,0.000000000,12.200,46,0,0
12,0,zero_drive,0,0.109427221,0.703782572,0.709457059,2123,0,0.000000000,12.200,46,0,0
12,0,zero_drive,0,0.109427221,0.709674513,0.715433971,2123,0,0.000000000,12.200,46,0,0
12,0,zero_drive,0,0.109427221,0.715621235,0.721595209,2123,0,0.000000000,12.200,46,0,0
12,0,zero_drive,0,0.109427221,0.721779641,0.727323662,2123,0,0.000000000,12.200,46,0,0
12,0,zero_drive,0,0.109427221,0.727504641,0.733465174,2123,0,0.000000000,12.200,46,0,0
12,0,zero_drive,0,0.109427221,0.733650765,0.739198448,2123,0,0.000000000,12.200,46,0,0
12,0,zero_drive,0,0.109427221,0.739381856,0.745126893,2123,0,0.000000000,12.200,46,0,0
12,0,zero_drive,0,0.109427221,0.745311221,0.751315896,2123,0,0.000000000,12.200,46,0,0
12,0,zero_drive,0,0.109427221,0.751501506,0.757225091,2123,0,0.000000000,12.200,46,0,0
12,0,zero_drive,0,0.109427221,0.757402522,0.763143695,2123,0,0.000000000,12.200,46,0,0
12,0,zero_drive,0,0.109427221,0.763321261,0.769190246,2123,0,0.000000000,12.200,46,0,0
12,0,zero_drive,0,0.109427221,0.769374219,0.775027386,2123,0,0.000000000,12.200,46,0,0
12,0,zero_drive,0,0.109427221,0.775206251,0.781275446,2123,0,0.000000000,12.200,46,0,0
12,0,zero_drive,0,0.109427221,0.781455242,0.787221378,2123,0,0.000000000,12.200,46,0,0
12,0,zero_drive,0,0.109427221,0.787401694,0.793265335,2123,0,0.000000000,12.200,46,0,0
12,0,zero_drive,0,0.109427221,0.793442474,0.799152581,2123,0,0.000000000,12.200,46,0,0
12,0,zero_drive,0,0.109427221,0.799325367,0.805255906,2123,0,0.000000000,12.200,46,0,0
12,0,zero_drive,0,0.109427221,0.805437008,0.811546988,2123,0,0.000000000,12.200,46,0,0
12,0,zero_drive,0,0.109427221,0.811765987,0.817278613,2123,0,0.000000000,12.200,46,0,0
12,0,zero_drive,0,0.109427221,0.817459724,0.823246541,2123,0,0.000000000,12.200,46,0,0
12,0,zero_drive,0,0.109427221,0.823425474,0.829126247,2123,0,0.000000000,12.200,46,0,0
12,0,zero_drive,0,0.109427221,0.829307742,0.835144664,2123,0,0.000000000,12.200,46,0,0
12,0,zero_drive,0,0.109427221,0.835324518,0.841167648,2123,0,0.000000000,12.200,46,0,0
12,0,zero_drive,0,0.109427221,0.841346367,0.847031434,2123,0,0.000000000,12.200,46,0,0
12,0,zero_drive,0,0.109427221,0.847210491,0.853268864,2123,0,0.000000000,12.200,46,0,0
12,0,zero_drive,0,0.109427221,0.853449743,0.859165686,2123,0,0.000000000,12.200,46,0,0
12,0,zero_drive,0,0.109427221,0.859339397,0.865254257,2123,0,0.000000000,12.200,46,0,0
12,0,zero_drive,0,0.109427221,0.865435457,0.871150810,2123,0,0.000000000,12.200,46,0,0
12,0,zero_drive,0,0.109427221,0.871330238,0.877247797,2123,0,0.000000000,12.200,46,0,0
12,0,zero_drive,0,0.109427221,0.877433194,0.883134266,2123,0,0.000000000,12.200,46,0,0
12,0,zero_drive,0,0.109427221,0.883298871,0.889185643,2123,0,0.000000000,12.200,46,0,0
12,0,zero_drive,0,0.109427221,0.889332218,0.895241336,2123,0,0.000000000,12.200,46,0,0
12,0,zero_drive,0,0.109427221,0.895388475,0.901373881,2123,0,0.000000000,12.200,46,0,0
12,0,zero_drive,0,0.109427221,0.901534109,0.907270801,2123,0,0.000000000,12.200,46,0,0
12,0,zero_drive,0,0.109427221,0.907451581,0.913441206,2123,0,0.000000000,12.200,46,0,0
12,0,zero_drive,0,0.109427221,0.913656046,0.919574147,2123,0,0.000000000,12.200,46,0,0
12,0,zero_drive,0,0.109427221,0.919791360,0.925217451,2123,0,0.000000000,12.200,46,0,0
12,0,zero_drive,0,0.109427221,0.925416076,0.931089541,2123,0,0.000000000,12.200,46,0,0
12,0,zero_drive,0,0.109427221,0.931277481,0.937175605,2123,0,0.000000000,12.200,46,0,0
12,0,zero_drive,0,0.109427221,0.937374486,0.943076106,2123,0,0.000000000,12.200,46,0,0
12,0,zero_drive,0,0.109427221,0.943262635,0.949328221,2123,0,0.000000000,12.200,46,0,0
12,0,zero_drive,0,0.109427221,0.949515751,0.955142706,2123,0,0.000000000,12.200,46,0,0
12,0,zero_drive,0,0.109427221,0.955327011,0.961199194,2123,0,0.000000000,12.200,46,0,0
12,0,zero_drive,0,0.109427221,0.961380435,0.967243471,2123,0,0.000000000,12.200,46,0,0
12,0,zero_drive,0,0.109427221,0.967452840,0.973143196,2123,0,0.000000000,12.200,46,0,0
12,0,zero_drive,0,0.109427221,0.973322982,0.979334436,2123,0,0.000000000,12.200,46,0,0
12,1,pulse,-100,0.991132689,0.997141159,1.003082184,2123,0,0.000000000,12.200,46,4,0
12,1,pulse,-100,0.991132689,1.003274150,1.009157839,2123,0,0.000000000,12.200,46,4,0
12,1,pulse,-100,0.991132689,1.009353719,1.015220719,2123,0,0.000000000,12.200,46,4,0
12,1,pulse,-100,0.991132689,1.015415472,1.021204218,2122,32868,-0.153398079,12.200,46,4,0
12,1,pulse,-100,0.991132689,1.021405411,1.027057671,2121,32868,-0.153398079,12.200,46,3,0
12,1,pulse,-100,0.991132689,1.027251127,1.033145925,2120,32968,-0.306796158,12.200,46,3,0
12,1,pulse,-100,0.991132689,1.033348617,1.039240076,2118,32968,-0.306796158,12.200,46,1,0
12,1,pulse,-100,0.991132689,1.039440677,1.045116751,2117,32968,-0.306796158,12.200,46,1,0
12,1,zero_drive,0,0.991132689,1.057140340,1.063276311,2113,33018,-0.383495197,12.200,46,0,0
12,1,zero_drive,0,0.991132689,1.063481181,1.069065528,2112,32918,-0.230097118,12.200,46,0,0
12,1,zero_drive,0,0.991132689,1.069259465,1.075245147,2112,32918,-0.230097118,12.200,46,0,0
12,1,zero_drive,0,0.991132689,1.075442687,1.081160298,2112,32818,-0.076699039,12.200,46,0,0
12,1,zero_drive,0,0.991132689,1.081358035,1.087096961,2112,32818,-0.076699039,12.200,46,0,0
12,1,zero_drive,0,0.991132689,1.087300061,1.093284211,2112,0,0.000000000,12.200,46,0,0
12,1,zero_drive,0,0.991132689,1.093474951,1.099203318,2112,0,0.000000000,12.200,46,0,0
12,1,zero_drive,0,0.991132689,1.099393016,1.105116416,2112,0,0.000000000,12.200,46,0,0
12,1,zero_drive,0,0.991132689,1.105303729,1.111327677,2112,0,0.000000000,12.200,46,0,0
12,1,zero_drive,0,0.991132689,1.111520389,1.117062598,2112,0,0.000000000,12.200,46,0,0
12,1,zero_drive,0,0.991132689,1.117252716,1.123531839,2112,0,0.000000000,12.200,46,0,0
12,1,zero_drive,0,0.991132689,1.123787397,1.129153210,2112,0,0.000000000,12.200,46,0,0
12,1,zero_drive,0,0.991132689,1.129365897,1.135082542,2112,0,0.000000000,12.200,46,0,0
12,1,zero_drive,0,0.991132689,1.135275902,1.141250970,2112,0,0.000000000,12.200,46,0,0
12,1,zero_drive,0,0.991132689,1.141439472,1.147414138,2112,0,0.000000000,12.200,46,0,0
12,1,zero_drive,0,0.991132689,1.147608050,1.153286722,2112,0,0.000000000,12.200,46,0,0
12,1,zero_drive,0,0.991132689,1.153476835,1.159222350,2112,0,0.000000000,12.200,46,0,0
12,1,zero_drive,0,0.991132689,1.159411990,1.165160283,2112,0,0.000000000,12.200,46,0,0
12,1,zero_drive,0,0.991132689,1.165350453,1.171181414,2112,0,0.000000000,12.200,46,0,0
12,1,zero_drive,0,0.991132689,1.171371253,1.177075900,2112,0,0.000000000,12.200,46,0,0
12,1,zero_drive,0,0.991132689,1.177263164,1.183266815,2112,0,0.000000000,12.200,46,0,0
12,1,zero_drive,0,0.991132689,1.183456995,1.189226344,2112,0,0.000000000,12.200,46,0,0
12,1,zero_drive,0,0.991132689,1.189420616,1.195221207,2112,0,0.000000000,12.200,46,0,0
12,1,zero_drive,0,0.991132689,1.195424565,1.201019730,2112,0,0.000000000,12.200,46,0,0
12,1,zero_drive,0,0.991132689,1.201211899,1.207209379,2112,0,0.000000000,12.200,46,0,0
12,1,zero_drive,0,0.991132689,1.207400815,1.213317165,2112,0,0.000000000,12.200,46,0,0
12,1,zero_drive,0,0.991132689,1.213553580,1.219161805,2112,0,0.000000000,12.200,46,0,0
12,1,zero_drive,0,0.991132689,1.219353080,1.225018102,2112,0,0.000000000,12.200,46,0,0
12,1,zero_drive,0,0.991132689,1.225210719,1.231114355,2112,0,0.000000000,12.200,46,0,0
12,1,zero_drive,0,0.991132689,1.231304321,1.237301781,2112,0,0.000000000,12.200,46,0,0
12,1,zero_drive,0,0.991132689,1.237492688,1.243150740,2112,0,0.000000000,12.200,46,0,0
12,1,zero_drive,0,0.991132689,1.243339220,1.248999907,2112,0,0.000000000,12.200,46,0,0
12,1,zero_drive,0,0.991132689,1.249190195,1.255016113,2112,0,0.000000000,12.200,46,0,0
12,1,zero_drive,0,0.991132689,1.255203565,1.262031672,2112,0,0.000000000,12.200,46,0,0
12,1,zero_drive,0,0.991132689,1.262270900,1.267171471,2112,0,0.000000000,12.200,46,0,0
12,1,zero_drive,0,0.991132689,1.267359635,1.273403835,2112,0,0.000000000,12.200,46,0,0
12,1,zero_drive,0,0.991132689,1.273592975,1.279027196,2112,0,0.000000000,12.200,46,0,0
12,1,zero_drive,0,0.991132689,1.279245063,1.285250565,2112,0,0.000000000,12.200,46,0,0
12,1,zero_drive,0,0.991132689,1.285438975,1.291263968,2112,0,0.000000000,12.200,46,0,0
12,1,zero_drive,0,0.991132689,1.291456016,1.297265767,2112,0,0.000000000,12.200,46,0,0
12,1,zero_drive,0,0.991132689,1.297472860,1.303060485,2112,0,0.000000000,12.200,46,0,0
12,1,zero_drive,0,0.991132689,1.303224491,1.309025899,2112,0,0.000000000,12.200,46,0,0
12,1,zero_drive,0,0.991132689,1.309180370,1.315208341,2112,0,0.000000000,12.200,46,0,0
12,1,zero_drive,0,0.991132689,1.315383586,1.321137919,2112,0,0.000000000,12.200,46,0,0
12,1,zero_drive,0,0.991132689,1.321318235,1.327050355,2112,0,0.000000000,12.200,46,0,0
12,1,zero_drive,0,0.991132689,1.327243381,1.333183816,2112,0,0.000000000,12.200,46,0,0
12,1,zero_drive,0,0.991132689,1.333373369,1.339120283,2112,0,0.000000000,12.200,46,0,0
12,1,zero_drive,0,0.991132689,1.339309680,1.345034720,2112,0,0.000000000,12.200,46,0,0
12,1,zero_drive,0,0.991132689,1.345226415,1.351046690,2112,0,0.000000000,12.200,46,0,0
12,1,zero_drive,0,0.991132689,1.351233843,1.357218346,2112,0,0.000000000,12.200,46,0,0
12,1,zero_drive,0,0.991132689,1.357407190,1.363055855,2112,0,0.000000000,12.200,46,0,0
12,1,zero_drive,0,0.991132689,1.363242918,1.369209843,2112,0,0.000000000,12.200,46,0,0
12,1,zero_drive,0,0.991132689,1.369396358,1.375159335,2112,0,0.000000000,12.200,46,0,0
12,1,zero_drive,0,0.991132689,1.375347489,1.381353173,2112,0,0.000000000,12.200,46,0,0
12,1,zero_drive,0,0.991132689,1.381541307,1.387255031,2112,0,0.000000000,12.200,46,0,0
12,1,zero_drive,0,0.991132689,1.387441678,1.393240347,2112,0,0.000000000,12.200,46,0,0
12,1,zero_drive,0,0.991132689,1.393437805,1.399210579,2112,0,0.000000000,12.200,46,0,0
12,1,zero_drive,0,0.991132689,1.399400690,1.405390980,2112,0,0.000000000,12.200,46,0,0
12,1,zero_drive,0,0.991132689,1.405594400,1.411099248,2112,0,0.000000000,12.200,46,0,0
12,1,zero_drive,0,0.991132689,1.411291575,1.417229102,2112,0,0.000000000,12.200,46,0,0
12,1,zero_drive,0,0.991132689,1.417424677,1.423008250,2112,0,0.000000000,12.200,46,0,0
12,1,zero_drive,0,0.991132689,1.423203230,1.429178054,2112,0,0.000000000,12.200,46,0,0
12,1,zero_drive,0,0.991132689,1.429373573,1.435127264,2112,0,0.000000000,12.200,46,0,0
12,1,zero_drive,0,0.991132689,1.435348637,1.441178425,2112,0,0.000000000,12.200,46,0,0
12,1,zero_drive,0,0.991132689,1.441397503,1.447046435,2112,0,0.000000000,12.200,46,0,0
12,1,zero_drive,0,0.991132689,1.447238360,1.453031884,2112,0,0.000000000,12.200,46,0,0
12,1,zero_drive,0,0.991132689,1.453221471,1.459210309,2112,0,0.000000000,12.200,46,0,0
12,1,zero_drive,0,0.991132689,1.459397767,1.465208705,2112,0,0.000000000,12.200,46,0,0
12,1,zero_drive,0,0.991132689,1.465402189,1.471078432,2112,0,0.000000000,12.200,46,0,0
12,1,zero_drive,0,0.991132689,1.471268923,1.477299255,2112,0,0.000000000,12.200,46,0,0
12,1,zero_drive,0,0.991132689,1.477568388,1.483400921,2112,0,0.000000000,12.200,46,0,0
12,1,zero_drive,0,0.991132689,1.483685743,1.489599168,2112,0,0.000000000,12.200,46,0,0
12,1,zero_drive,0,0.991132689,1.489884231,1.495207912,2112,0,0.000000000,12.200,46,0,0
12,1,zero_drive,0,0.991132689,1.495430601,1.501268451,2112,0,0.000000000,12.200,46,0,0
12,1,zero_drive,0,0.991132689,1.501465596,1.507369512,2112,0,0.000000000,12.200,46,0,0
12,1,zero_drive,0,0.991132689,1.507645925,1.513254570,2112,0,0.000000000,12.200,46,0,0
12,1,zero_drive,0,0.991132689,1.513476921,1.519341955,2112,0,0.000000000,12.200,46,0,0
12,1,zero_drive,0,0.991132689,1.519555974,1.525014866,2112,0,0.000000000,12.200,46,0,0
12,1,zero_drive,0,0.991132689,1.525215963,1.531248287,2112,0,0.000000000,12.200,46,0,0
12,1,zero_drive,0,0.991132689,1.531458256,1.537234181,2112,0,0.000000000,12.200,46,0,0
12,1,zero_drive,0,0.991132689,1.537436971,1.543566050,2112,0,0.000000000,12.200,46,0,0
12,1,zero_drive,0,0.991132689,1.543846401,1.549199515,2112,0,0.000000000,12.200,46,0,0
12,1,zero_drive,0,0.991132689,1.549420348,1.555217770,2112,0,0.000000000,12.200,46,0,0
12,1,zero_drive,0,0.991132689,1.555435345,1.561217485,2112,0,0.000000000,12.200,46,0,0
12,1,zero_drive,0,0.991132689,1.561472027,1.567220130,2112,0,0.000000000,12.200,46,0,0
12,1,zero_drive,0,0.991132689,1.567441435,1.573258597,2112,0,0.000000000,12.200,46,0,0
12,1,zero_drive,0,0.991132689,1.573478625,1.579255659,2112,0,0.000000000,12.200,46,0,0
12,1,zero_drive,0,0.991132689,1.579476461,1.585437248,2112,0,0.000000000,12.200,46,0,0
12,1,zero_drive,0,0.991132689,1.585659085,1.591388315,2112,0,0.000000000,12.200,46,0,0
12,1,zero_drive,0,0.991132689,1.591610989,1.597138685,2112,0,0.000000000,12.200,46,0,0
12,1,zero_drive,0,0.991132689,1.597347193,1.603294251,2112,0,0.000000000,12.200,46,0,0
12,1,zero_drive,0,0.991132689,1.603487111,1.609020367,2112,0,0.000000000,12.200,46,0,0
12,1,zero_drive,0,0.991132689,1.609210593,1.615112519,2112,0,0.000000000,12.200,46,0,0
12,1,zero_drive,0,0.991132689,1.615305884,1.621161102,2112,0,0.000000000,12.200,46,0,0
12,1,zero_drive,0,0.991132689,1.621352429,1.627000805,2112,0,0.000000000,12.200,46,0,0
12,1,zero_drive,0,0.991132689,1.627282102,1.633229944,2112,0,0.000000000,12.200,46,0,0
12,1,zero_drive,0,0.991132689,1.633416714,1.639454474,2112,0,0.000000000,12.200,46,0,0
12,1,zero_drive,0,0.991132689,1.639649439,1.645086914,2112,0,0.000000000,12.200,46,0,0
12,1,zero_drive,0,0.991132689,1.645278945,1.651135912,2112,0,0.000000000,12.200,46,0,0
12,1,zero_drive,0,0.991132689,1.651322949,1.657143489,2112,0,0.000000000,12.200,46,0,0
12,1,zero_drive,0,0.991132689,1.657333434,1.663195220,2112,0,0.000000000,12.200,46,0,0
12,1,zero_drive,0,0.991132689,1.663383799,1.669312372,2112,0,0.000000000,12.200,46,0,0
12,1,zero_drive,0,0.991132689,1.669502356,1.675377810,2112,0,0.000000000,12.200,46,0,0
12,1,zero_drive,0,0.991132689,1.675575992,1.681384254,2112,0,0.000000000,12.200,46,0,0
12,1,zero_drive,0,0.991132689,1.681589658,1.687528185,2112,0,0.000000000,12.200,46,0,0
12,1,zero_drive,0,0.991132689,1.687795996,1.693342359,2112,0,0.000000000,12.200,46,0,0
12,1,zero_drive,0,0.991132689,1.693572382,1.699352468,2112,0,0.000000000,12.200,46,0,0
12,1,zero_drive,0,0.991132689,1.699546658,1.705265907,2112,0,0.000000000,12.200,46,0,0
12,1,zero_drive,0,0.991132689,1.705461667,1.711362388,2112,0,0.000000000,12.200,46,0,0
12,1,zero_drive,0,0.991132689,1.711601513,1.717349561,2112,0,0.000000000,12.200,46,0,0
12,1,zero_drive,0,0.991132689,1.717546958,1.723240906,2112,0,0.000000000,12.200,46,0,0
12,1,zero_drive,0,0.991132689,1.723439577,1.729261631,2112,0,0.000000000,12.200,46,0,0
12,1,zero_drive,0,0.991132689,1.729459199,1.735168312,2112,0,0.000000000,12.200,46,0,0
12,1,zero_drive,0,0.991132689,1.735392870,1.741490370,2112,0,0.000000000,12.200,46,0,0
12,1,zero_drive,0,0.991132689,1.741715205,1.747201250,2112,0,0.000000000,12.200,46,0,0
12,1,zero_drive,0,0.991132689,1.747419436,1.753221368,2112,0,0.000000000,12.200,46,0,0
12,1,zero_drive,0,0.991132689,1.753437549,1.759429566,2112,0,0.000000000,12.200,46,0,0
12,1,zero_drive,0,0.991132689,1.759652321,1.765272209,2112,0,0.000000000,12.200,46,0,0
12,1,zero_drive,0,0.991132689,1.765494251,1.771146942,2112,0,0.000000000,12.200,46,0,0
12,1,zero_drive,0,0.991132689,1.771362001,1.777929451,2112,0,0.000000000,12.200,46,0,0
12,1,zero_drive,0,0.991132689,1.778242705,1.783605826,2112,0,0.000000000,12.200,46,0,0
12,1,zero_drive,0,0.991132689,1.783958494,1.789808393,2112,0,0.000000000,12.200,46,0,0
12,1,zero_drive,0,0.991132689,1.790175729,1.795310837,2112,0,0.000000000,12.200,46,0,0
12,1,zero_drive,0,0.991132689,1.795535367,1.801251174,2112,0,0.000000000,12.200,46,0,0
12,1,zero_drive,0,0.991132689,1.801451943,1.807067053,2112,0,0.000000000,12.200,46,0,0
12,1,zero_drive,0,0.991132689,1.807261089,1.813195317,2112,0,0.000000000,12.200,46,0,0
12,1,zero_drive,0,0.991132689,1.813390125,1.819123039,2112,0,0.000000000,12.200,46,0,0
12,1,zero_drive,0,0.991132689,1.819317384,1.825247953,2112,0,0.000000000,12.200,46,0,0
12,1,zero_drive,0,0.991132689,1.825446998,1.831195214,2112,0,0.000000000,12.200,46,0,0
12,1,zero_drive,0,0.991132689,1.831383129,1.837152975,2112,0,0.000000000,12.200,46,0,0
12,1,zero_drive,0,0.991132689,1.837340015,1.843084285,2112,0,0.000000000,12.200,46,0,0
12,1,zero_drive,0,0.991132689,1.843308540,1.849086479,2112,0,0.000000000,12.200,46,0,0
12,1,zero_drive,0,0.991132689,1.849277369,1.855246950,2112,0,0.000000000,12.200,46,0,0
12,1,zero_drive,0,0.991132689,1.855436664,1.861177316,2112,0,0.000000000,12.200,46,0,0
