trial,id,phase,drive_counts,request_s,completion_s,position_raw,speed_rad_s,voltage_v,temperature_c,current_raw,status,segment_index,torque_enabled,position_unwrapped_counts
0,4,excitation,50,0.148901939,0.155087429,1291,0.000000000,12.100,51,0,0,0,true,1291
0,4,excitation,50,0.161056526,0.166991484,1291,0.000000000,12.100,51,0,0,0,true,1291
0,4,excitation,50,0.173190218,0.179037615,1292,0.153398079,12.100,51,0,0,0,true,1292
0,4,excitation,50,0.185225154,0.191049765,1294,0.153398079,12.100,51,0,0,0,true,1294
0,4,excitation,50,0.197106331,0.203277132,1295,0.153398079,12.100,51,0,0,0,true,1295
0,4,excitation,50,0.209285476,0.214963744,1296,0.153398079,12.100,51,0,0,0,true,1296
0,4,excitation,50,0.220983760,0.227567276,1297,0.230097118,12.100,51,0,0,0,true,1297
0,4,excitation,50,0.233009427,0.239125602,1299,0.153398079,12.100,51,0,0,0,true,1299
0,4,excitation,50,0.245070363,0.251056947,1300,0.153398079,12.100,51,0,0,0,true,1300
0,4,excitation,50,0.256980984,0.263124860,1302,0.230097118,12.100,51,0,0,0,true,1302
0,4,excitation,50,0.269260571,0.275191053,1303,0.153398079,12.100,51,0,0,0,true,1303
0,4,excitation,50,0.281147256,0.286877351,1305,0.153398079,12.100,51,0,0,0,true,1305
0,4,excitation,50,0.293144763,0.298912907,1306,0.153398079,12.100,51,0,0,0,true,1306
0,4,excitation,50,0.304924121,0.311219752,1308,0.230097118,12.100,51,0,0,0,true,1308
0,4,excitation,50,0.317015548,0.323268965,1309,0.153398079,12.100,51,0,0,0,true,1309
0,4,excitation,50,0.329034405,0.334825335,1311,0.153398079,12.100,51,0,0,0,true,1311
0,4,excitation,0,0.353079728,0.358995764,1313,0.230097118,12.100,51,0,0,1,true,1313
0,4,excitation,0,0.365008070,0.371082667,1314,0.000000000,12.100,51,0,0,1,true,1314
0,4,excitation,0,0.377837390,0.383216716,1314,0.153398079,12.100,51,0,0,1,true,1314
0,4,excitation,0,0.389020547,0.395490240,1314,0.000000000,12.100,51,0,0,1,true,1314
0,4,excitation,0,0.401119210,0.406843837,1314,0.000000000,12.100,51,0,0,1,true,1314
0,4,excitation,0,0.413305732,0.419294847,1314,0.000000000,12.100,51,0,0,1,true,1314
0,4,excitation,0,0.425099132,0.430924662,1314,0.000000000,12.100,51,0,0,1,true,1314
0,4,excitation,0,0.436942197,0.443338365,1314,0.000000000,12.100,51,0,0,1,true,1314
0,4,excitation,0,0.449085486,0.455060857,1314,0.000000000,12.100,51,0,0,1,true,1314
0,4,excitation,0,0.462423135,0.467062432,1314,0.000000000,12.100,51,0,0,1,true,1314
0,4,excitation,0,0.473012110,0.479168094,1314,0.000000000,12.100,51,0,0,1,true,1314
0,4,excitation,0,0.485304472,0.491224262,1314,0.000000000,12.100,51,0,0,1,true,1314
0,4,excitation,0,0.497293387,0.502979254,1314,0.000000000,12.100,51,0,0,1,true,1314
0,4,excitation,0,0.508835819,0.514919960,1314,0.000000000,12.100,51,0,0,1,true,1314
0,4,excitation,0,0.521720456,0.527130148,1314,0.000000000,12.100,51,0,0,1,true,1314
0,4,excitation,0,0.533993536,0.538911215,1314,0.000000000,12.100,51,0,0,1,true,1314
0,4,excitation,0,0.544966255,0.551035240,1314,0.000000000,12.100,51,0,0,1,true,1314
0,4,excitation,0,0.557270892,0.563089648,1314,0.000000000,12.100,51,0,0,1,true,1314
0,4,excitation,0,0.568874851,0.574914198,1314,0.000000000,12.100,51,0,0,1,true,1314
0,4,excitation,0,0.581101965,0.587093684,1314,0.000000000,12.100,51,0,0,1,true,1314
0,4,excitation,0,0.592871579,0.598870040,1314,0.000000000,12.100,51,0,0,1,true,1314
0,4,excitation,0,0.605077817,0.611121346,1314,0.000000000,12.100,51,0,0,1,true,1314
0,4,excitation,0,0.617062481,0.622942651,1314,0.000000000,12.100,51,0,0,1,true,1314
0,4,excitation,0,0.629348290,0.635740011,1314,0.000000000,12.100,51,0,0,1,true,1314
0,4,rest,0,0.660758324,0.665266089,1314,0.000000000,12.100,51,0,0,2,true,1314
0,4,rest,0,0.671289573,0.677075521,1314,0.000000000,12.100,51,0,0,2,true,1314
0,4,rest,0,0.682996367,0.689105996,1314,0.000000000,12.100,51,0,0,2,true,1314
0,4,rest,0,0.695346936,0.700987563,1314,0.000000000,12.100,51,0,0,2,true,1314
0,4,rest,0,0.707400290,0.712889266,1314,0.000000000,12.100,51,0,0,2,true,1314
0,4,rest,0,0.718961581,0.725266548,1314,0.000000000,12.100,51,0,0,2,true,1314
0,4,rest,0,0.731075109,0.737087211,1314,0.000000000,12.100,51,0,0,2,true,1314
0,4,rest,0,0.743044526,0.748925514,1314,0.000000000,12.100,51,0,0,2,true,1314
0,4,rest,0,0.754828272,0.762684010,1314,0.000000000,12.100,51,0,0,2,true,1314
0,4,rest,0,0.767088298,0.773193130,1314,0.000000000,12.100,51,0,0,2,true,1314
0,4,rest,0,0.779331772,0.785256738,1314,0.000000000,12.100,51,0,0,2,true,1314
0,4,rest,0,0.791313816,0.796771542,1314,0.000000000,12.100,51,0,0,2,true,1314
0,4,rest,0,0.803121271,0.808977506,1314,0.000000000,12.100,51,0,0,2,true,1314
0,4,rest,0,0.814979644,0.820785116,1314,0.000000000,12.100,51,0,0,2,true,1314
0,4,rest,0,0.827189088,0.832929225,1314,0.000000000,12.100,51,0,0,2,true,1314
0,4,rest,0,0.838892716,0.846075228,1314,0.000000000,12.100,51,0,0,2,true,1314
0,4,rest,0,0.851562361,0.857004037,1314,0.000000000,12.100,51,0,0,2,true,1314
0,4,rest,0,0.863141660,0.869297315,1314,0.000000000,12.100,51,0,0,2,true,1314
0,4,rest,0,0.874747424,0.880908525,1314,0.000000000,12.100,51,0,0,2,true,1314
0,4,rest,0,0.887295469,0.893058794,1314,0.000000000,12.100,51,0,0,2,true,1314
0,4,rest,0,0.899005865,0.905054738,1314,0.000000000,12.100,51,0,0,2,true,1314
0,4,rest,0,0.911572037,0.917613915,1314,0.000000000,12.100,51,0,0,2,true,1314
0,4,rest,0,0.923052491,0.929015990,1314,0.000000000,12.100,51,0,0,2,true,1314
0,4,rest,0,0.934952337,0.941524038,1314,0.000000000,12.100,51,0,0,2,true,1314
0,4,rest,0,0.946921231,0.953845642,1314,0.000000000,12.100,51,0,0,2,true,1314
0,4,rest,0,0.959124674,0.965175756,1314,0.000000000,12.100,51,0,0,2,true,1314
0,4,rest,0,0.971327956,0.977046713,1314,0.000000000,12.100,51,0,0,2,true,1314
0,4,rest,0,0.982982946,0.989056132,1314,0.000000000,12.100,51,0,0,2,true,1314
0,4,rest,0,0.995388591,1.001088649,1314,0.000000000,12.100,51,0,0,2,true,1314
0,4,rest,0,1.006979691,1.013132485,1314,0.000000000,12.100,51,0,0,2,true,1314
0,4,rest,0,1.018891358,1.024993136,1314,0.000000000,12.100,51,0,0,2,true,1314
0,4,rest,0,1.030820331,1.037019055,1314,0.000000000,12.100,51,0,0,2,true,1314
0,4,rest,0,1.043320648,1.049507165,1314,0.000000000,12.100,51,0,0,2,true,1314
0,4,rest,0,1.054955981,1.061331616,1314,0.000000000,12.100,51,0,0,2,true,1314
0,4,rest,0,1.067074909,1.072866766,1314,0.000000000,12.100,51,0,0,2,true,1314
0,4,rest,0,1.078942626,1.085188631,1314,0.000000000,12.100,51,0,0,2,true,1314
0,4,rest,0,1.090815741,1.097314515,1314,0.000000000,12.100,51,0,0,2,true,1314
0,4,rest,0,1.103093740,1.109197599,1314,0.000000000,12.100,51,0,0,2,true,1314
0,4,rest,0,1.114887004,1.121882136,1314,0.000000000,12.100,51,0,0,2,true,1314
0,4,rest,0,1.127583465,1.133218489,1314,0.000000000,12.100,51,0,0,2,true,1314
0,4,rest,0,1.138907060,1.146052388,1314,0.000000000,12.100,51,0,0,2,true,1314
0,4,rest,0,1.150716912,1.156736845,1314,0.000000000,12.100,51,0,0,2,true,1314
0,4,rest,0,1.162923686,1.168998449,1314,0.000000000,12.100,51,0,0,2,true,1314
0,4,rest,0,1.174876740,1.181140559,1314,0.000000000,12.100,51,0,0,2,true,1314
0,4,rest,0,1.186818688,1.192895258,1314,0.000000000,12.100,51,0,0,2,true,1314
0,4,rest,0,1.198728731,1.205004750,1314,0.000000000,12.100,51,0,0,2,true,1314
0,4,rest,0,1.211028286,1.216886265,1314,0.000000000,12.100,51,0,0,2,true,1314
0,4,rest,0,1.223133844,1.228767716,1314,0.000000000,12.100,51,0,0,2,true,1314
0,4,rest,0,1.235064577,1.241020712,1314,0.000000000,12.100,51,0,0,2,true,1314
0,4,rest,0,1.247147940,1.253202484,1314,0.000000000,12.100,51,0,0,2,true,1314
1,4,excitation,50,1.342846085,1.348947653,1314,0.000000000,12.100,51,0,0,0,true,1314
1,4,excitation,50,1.354986346,1.361875358,1315,0.153398079,12.100,51,0,0,0,true,1315
1,4,excitation,50,1.366690657,1.373263336,1316,0.153398079,12.100,51,0,0,0,true,1316
1,4,excitation,50,1.379059547,1.385125225,1317,0.153398079,12.100,51,0,0,0,true,1317
1,4,excitation,50,1.390720135,1.396809858,1319,0.153398079,12.100,51,0,0,0,true,1319
1,4,excitation,50,1.403133551,1.409061756,1320,0.230097118,12.100,51,0,0,0,true,1320
1,4,excitation,50,1.415025467,1.421618477,1322,0.153398079,12.100,51,0,0,0,true,1322
1,4,excitation,50,1.426938083,1.432806536,1323,0.230097118,12.100,51,0,0,0,true,1323
1,4,excitation,50,1.438876321,1.445612706,1325,0.153398079,12.100,51,0,0,0,true,1325
1,4,excitation,50,1.450950582,1.456970367,1326,0.230097118,12.100,51,0,0,0,true,1326
1,4,excitation,50,1.464105932,1.469035007,1328,0.153398079,12.100,51,0,0,0,true,1328
1,4,excitation,50,1.475186910,1.481118845,1329,0.230097118,12.100,51,0,0,0,true,1329
1,4,excitation,50,1.486865499,1.492986510,1331,0.230097118,12.100,51,0,0,0,true,1331
1,4,excitation,50,1.498979670,1.504923094,1332,0.153398079,12.100,51,0,0,0,true,1332
1,4,excitation,50,1.511918984,1.516918647,1334,0.153398079,12.100,51,0,0,0,true,1334
1,4,excitation,50,1.523830379,1.529063571,1335,0.230097118,12.100,51,0,0,0,true,1335
1,4,excitation,0,1.553124018,1.559035538,1339,0.153398079,12.100,51,0,0,1,false,1339
1,4,excitation,0,1.564529062,1.571273195,1339,0.153398079,12.100,51,0,0,1,false,1339
1,4,excitation,0,1.576801915,1.583432976,1340,0.153398079,12.100,51,0,0,1,false,1340
1,4,excitation,0,1.588518694,1.594959929,1340,0.000000000,12.100,51,0,0,1,false,1340
1,4,excitation,0,1.601671956,1.606782109,1340,0.000000000,12.100,51,0,0,1,false,1340
1,4,excitation,0,1.612716225,1.618867675,1340,0.000000000,12.100,51,0,0,1,false,1340
1,4,excitation,0,1.625060949,1.630747574,1340,0.000000000,12.100,51,0,0,1,false,1340
1,4,excitation,0,1.637709745,1.643068644,1340,0.000000000,12.100,51,0,0,1,false,1340
1,4,excitation,0,1.649143234,1.654794167,1340,0.000000000,12.100,51,0,0,1,false,1340
1,4,excitation,0,1.660652215,1.667512638,1340,0.000000000,12.100,51,0,0,1,false,1340
1,4,excitation,0,1.673024155,1.678662890,1340,0.000000000,12.100,51,0,0,1,false,1340
1,4,excitation,0,1.684527074,1.690902827,1340,0.000000000,12.100,51,0,0,1,false,1340
1,4,excitation,0,1.696249162,1.702657538,1340,0.000000000,12.100,51,0,0,1,false,1340
1,4,excitation,0,1.708463483,1.714707384,1340,0.000000000,12.100,51,0,0,1,false,1340
1,4,excitation,0,1.720253220,1.726567100,1340,0.000000000,12.100,51,0,0,1,false,1340
1,4,excitation,0,1.732398184,1.738730590,1340,0.000000000,12.100,51,0,0,1,false,1340
1,4,excitation,0,1.744672818,1.750603489,1340,0.000000000,12.100,51,0,0,1,false,1340
1,4,excitation,0,1.756419872,1.762738679,1340,0.000000000,12.100,51,0,0,1,false,1340
1,4,excitation,0,1.768439328,1.774511765,1340,0.000000000,12.100,51,0,0,1,false,1340
1,4,excitation,0,1.780489823,1.786985639,1340,0.000000000,12.100,51,0,0,1,false,1340
1,4,excitation,0,1.792286300,1.798880251,1340,0.000000000,12.100,51,0,0,1,false,1340
1,4,excitation,0,1.804457834,1.810632524,1340,0.000000000,12.100,51,0,0,1,false,1340
1,4,excitation,0,1.816309796,1.822349110,1340,0.000000000,12.100,51,0,0,1,false,1340
1,4,excitation,0,1.828444973,1.834740883,1340,0.000000000,12.100,51,0,0,1,false,1340
1,4,excitation,0,1.840427857,1.846494285,1340,0.000000000,12.100,51,0,0,1,false,1340
1,4,rest,0,1.852409506,1.858539442,1340,0.000000000,12.100,51,0,0,2,false,1340
1,4,rest,0,1.864585589,1.870428264,1340,0.000000000,12.100,51,0,0,2,false,1340
1,4,rest,0,1.876284768,1.882662548,1340,0.000000000,12.100,51,0,0,2,false,1340
1,4,rest,0,1.888487103,1.894699932,1340,0.000000000,12.100,51,0,0,2,false,1340
1,4,rest,0,1.900258798,1.906707336,1340,0.000000000,12.100,51,0,0,2,false,1340
1,4,rest,0,1.912719745,1.918542354,1340,0.000000000,12.100,51,0,0,2,false,1340
1,4,rest,0,1.924463226,1.930718970,1340,0.000000000,12.100,51,0,0,2,false,1340
1,4,rest,0,1.936524249,1.942589821,1340,0.000000000,12.100,51,0,0,2,false,1340
1,4,rest,0,1.948755813,1.954474418,1340,0.000000000,12.100,51,0,0,2,false,1340
1,4,rest,0,1.960396257,1.966587045,1340,0.000000000,12.100,51,0,0,2,false,1340
1,4,rest,0,1.972473996,1.978595508,1340,0.000000000,12.100,51,0,0,2,false,1340
1,4,rest,0,1.984262773,1.990446699,1340,0.000000000,12.100,51,0,0,2,false,1340
1,4,rest,0,1.996462239,2.002354701,1340,0.000000000,12.100,51,0,0,2,false,1340
1,4,rest,0,2.008250374,2.014494223,1340,0.000000000,12.100,51,0,0,2,false,1340
1,4,rest,0,2.020412999,2.026674107,1340,0.000000000,12.100,51,0,0,2,false,1340
1,4,rest,0,2.032310529,2.038688760,1340,0.000000000,12.100,51,0,0,2,false,1340
1,4,rest,0,2.044505969,2.050806887,1340,0.000000000,12.100,51,0,0,2,false,1340
1,4,rest,0,2.056641645,2.062653781,1340,0.000000000,12.100,51,0,0,2,false,1340
1,4,rest,0,2.068415049,2.074363986,1340,0.000000000,12.100,51,0,0,2,false,1340
1,4,rest,0,2.080607840,2.086834876,1340,0.000000000,12.100,51,0,0,2,false,1340
1,4,rest,0,2.092553679,2.098636297,1340,0.000000000,12.100,51,0,0,2,false,1340
1,4,rest,0,2.104424406,2.110622681,1340,0.000000000,12.100,51,0,0,2,false,1340
1,4,rest,0,2.116522994,2.122309176,1340,0.000000000,12.100,51,0,0,2,false,1340
1,4,rest,0,2.128350896,2.134576493,1340,0.000000000,12.100,51,0,0,2,false,1340
1,4,rest,0,2.140375573,2.146724706,1340,0.000000000,12.100,51,0,0,2,false,1340
1,4,rest,0,2.152306979,2.158469683,1340,0.000000000,12.100,51,0,0,2,false,1340
1,4,rest,0,2.164451556,2.170422103,1340,0.000000000,12.100,51,0,0,2,false,1340
1,4,rest,0,2.176257198,2.182443447,1340,0.000000000,12.100,51,0,0,2,false,1340
1,4,rest,0,2.188322295,2.194783919,1340,0.000000000,12.100,51,0,0,2,false,1340
1,4,rest,0,2.200258843,2.206571196,1340,0.000000000,12.100,51,0,0,2,false,1340
1,4,rest,0,2.212423890,2.218386979,1340,0.000000000,12.100,51,0,0,2,false,1340
1,4,rest,0,2.224313093,2.230336029,1340,0.000000000,12.100,51,0,0,2,false,1340
1,4,rest,0,2.236258546,2.242593629,1340,0.000000000,12.100,51,0,0,2,false,1340
1,4,rest,0,2.248392010,2.254570666,1340,0.000000000,12.100,51,0,0,2,false,1340
1,4,rest,0,2.260530441,2.266323654,1340,0.000000000,12.100,51,0,0,2,false,1340
1,4,rest,0,2.272226849,2.278520496,1340,0.000000000,12.100,51,0,0,2,false,1340
1,4,rest,0,2.284357476,2.290536743,1340,0.000000000,12.100,51,0,0,2,false,1340
1,4,rest,0,2.296289803,2.302561941,1340,0.000000000,12.100,51,0,0,2,false,1340
1,4,rest,0,2.308239628,2.314489210,1340,0.000000000,12.100,51,0,0,2,false,1340
1,4,rest,0,2.320450608,2.326452058,1340,0.000000000,12.100,51,0,0,2,false,1340
1,4,rest,0,2.332327738,2.338524703,1340,0.000000000,12.100,51,0,0,2,false,1340
1,4,rest,0,2.344397184,2.350571363,1340,0.000000000,12.100,51,0,0,2,false,1340
1,4,rest,0,2.356559715,2.362489413,1340,0.000000000,12.100,51,0,0,2,false,1340
1,4,rest,0,2.368469603,2.374450626,1340,0.000000000,12.100,51,0,0,2,false,1340
1,4,rest,0,2.380414748,2.386335562,1340,0.000000000,12.100,51,0,0,2,false,1340
1,4,rest,0,2.392334504,2.398502361,1340,0.000000000,12.100,51,0,0,2,false,1340
1,4,rest,0,2.404441978,2.410624869,1340,0.000000000,12.100,51,0,0,2,false,1340
1,4,rest,0,2.416261291,2.422412918,1340,0.000000000,12.100,51,0,0,2,false,1340
1,4,rest,0,2.428282641,2.434572228,1340,0.000000000,12.100,51,0,0,2,false,1340
1,4,rest,0,2.440549765,2.446668610,1340,0.000000000,12.100,51,0,0,2,false,1340
2,4,excitation,-50,2.542350085,2.548477497,1340,0.000000000,12.100,51,0,0,0,true,1340
2,4,excitation,-50,2.554525197,2.560329592,1340,0.000000000,12.100,51,0,0,0,true,1340
2,4,excitation,-50,2.566416466,2.572425767,1339,0.000000000,12.100,51,0,0,0,true,1339
2,4,excitation,-50,2.578414208,2.584308578,1338,-0.153398079,12.100,51,0,0,0,true,1338
2,4,excitation,-50,2.590444560,2.596331354,1337,-0.153398079,12.100,51,0,0,0,true,1337
2,4,excitation,-50,2.602355659,2.608419157,1336,-0.153398079,12.100,51,0,0,0,true,1336
2,4,excitation,-50,2.614433745,2.620585623,1335,-0.153398079,12.100,51,0,0,0,true,1335
2,4,excitation,-50,2.626524023,2.632365261,1334,-0.153398079,12.100,51,0,0,0,true,1334
2,4,excitation,-50,2.638683203,2.644496724,1332,-0.153398079,12.100,51,0,0,0,true,1332
2,4,excitation,-50,2.650256329,2.656274765,1331,-0.153398079,12.100,51,0,0,0,true,1331
2,4,excitation,-50,2.662484627,2.668548353,1330,-0.153398079,12.100,51,0,0,0,true,1330
2,4,excitation,-50,2.674455564,2.680619921,1328,-0.153398079,12.100,51,0,0,0,true,1328
2,4,excitation,-50,2.686430742,2.692459947,1327,-0.230097118,12.100,51,0,0,0,true,1327
2,4,excitation,-50,2.698676097,2.704311674,1325,-0.230097118,12.100,51,0,0,0,true,1325
2,4,excitation,-50,2.710297287,2.716453092,1324,-0.230097118,12.100,51,0,0,0,true,1324
2,4,excitation,-50,2.722327442,2.728504877,1322,-0.153398079,12.100,51,0,0,0,true,1322
2,4,excitation,0,2.746779853,2.752533901,1320,-0.076699039,12.100,51,0,0,1,true,1320
2,4,excitation,0,2.758541400,2.764386787,1319,-0.076699039,12.100,51,0,0,1,true,1319
2,4,excitation,0,2.770345387,2.776556464,1319,-0.076699039,12.100,51,0,0,1,true,1319
2,4,excitation,0,2.782593673,2.788533982,1319,0.000000000,12.100,51,0,0,1,true,1319
2,4,excitation,0,2.794366042,2.800301798,1319,0.000000000,12.100,51,0,0,1,true,1319
2,4,excitation,0,2.806392429,2.812459420,1319,0.000000000,12.100,51,0,0,1,true,1319
2,4,excitation,0,2.818443572,2.824638927,1319,0.000000000,12.100,51,0,0,1,true,1319
2,4,excitation,0,2.830525872,2.836741639,1319,0.000000000,12.100,51,0,0,1,true,1319
2,4,excitation,0,2.842714466,2.848746902,1319,0.000000000,12.100,51,0,0,1,true,1319
2,4,excitation,0,2.854657274,2.860466984,1319,0.000000000,12.100,51,0,0,1,true,1319
2,4,excitation,0,2.866516882,2.872349691,1319,0.000000000,12.100,51,0,0,1,true,1319
2,4,excitation,0,2.878546682,2.884303386,1319,0.000000000,12.100,51,0,0,1,true,1319
2,4,excitation,0,2.890375379,2.896417444,1319,0.000000000,12.100,51,0,0,1,true,1319
2,4,excitation,0,2.902558925,2.908302168,1319,0.000000000,12.100,51,0,0,1,true,1319
2,4,excitation,0,2.914362064,2.920299386,1319,0.000000000,12.100,51,0,0,1,true,1319
2,4,excitation,0,2.926410372,2.932394851,1319,0.000000000,12.100,51,0,0,1,true,1319
2,4,excitation,0,2.938516919,2.944417558,1319,0.000000000,12.100,51,0,0,1,true,1319
2,4,excitation,0,2.950469971,2.956684660,1319,0.000000000,12.100,51,0,0,1,true,1319
2,4,excitation,0,2.962526969,2.968475991,1319,0.000000000,12.100,51,0,0,1,true,1319
2,4,excitation,0,2.974427551,2.980564846,1319,0.000000000,12.100,51,0,0,1,true,1319
2,4,excitation,0,2.986514640,2.992400889,1319,0.000000000,12.100,51,0,0,1,true,1319
2,4,excitation,0,2.998334764,3.004468971,1319,0.000000000,12.100,51,0,0,1,true,1319
2,4,excitation,0,3.010411294,3.016390494,1319,0.000000000,12.100,51,0,0,1,true,1319
2,4,excitation,0,3.022423618,3.028525926,1319,0.000000000,12.100,51,0,0,1,true,1319
2,4,excitation,0,3.034414922,3.040332299,1319,0.000000000,12.100,51,0,0,1,true,1319
2,4,rest,0,3.052178634,3.058464570,1319,0.000000000,12.100,51,0,0,2,true,1319
2,4,rest,0,3.064380610,3.070219916,1319,0.000000000,12.100,51,0,0,2,true,1319
2,4,rest,0,3.076417304,3.082373245,1319,0.000000000,12.100,51,0,0,2,true,1319
2,4,rest,0,3.088373785,3.094190184,1319,0.000000000,12.100,51,0,0,2,true,1319
2,4,rest,0,3.100241291,3.106251930,1319,0.000000000,12.100,51,0,0,2,true,1319
2,4,rest,0,3.112190011,3.118464557,1319,0.000000000,12.100,51,0,0,2,true,1319
2,4,rest,0,3.124463951,3.130454006,1319,0.000000000,12.100,51,0,0,2,true,1319
2,4,rest,0,3.136283441,3.142383829,1319,0.000000000,12.100,51,0,0,2,true,1319
2,4,rest,0,3.148448145,3.154347739,1319,0.000000000,12.100,51,0,0,2,true,1319
2,4,rest,0,3.160198075,3.166430603,1319,0.000000000,12.100,51,0,0,2,true,1319
2,4,rest,0,3.172475106,3.178287457,1319,0.000000000,12.100,51,0,0,2,true,1319
2,4,rest,0,3.184263137,3.190428056,1319,0.000000000,12.100,51,0,0,2,true,1319
2,4,rest,0,3.196290482,3.202323372,1319,0.000000000,12.100,51,0,0,2,true,1319
2,4,rest,0,3.208363375,3.214206074,1319,0.000000000,12.100,51,0,0,2,true,1319
2,4,rest,0,3.220213496,3.226318651,1319,0.000000000,12.100,51,0,0,2,true,1319
2,4,rest,0,3.232361186,3.238505926,1319,0.000000000,12.100,51,0,0,2,true,1319
2,4,rest,0,3.244270598,3.250447576,1319,0.000000000,12.100,51,0,0,2,true,1319
2,4,rest,0,3.256502152,3.262555349,1319,0.000000000,12.100,51,0,0,2,true,1319
2,4,rest,0,3.268508114,3.274482741,1319,0.000000000,12.100,51,0,0,2,true,1319
2,4,rest,0,3.280448187,3.286418591,1319,0.000000000,12.100,51,0,0,2,true,1319
2,4,rest,0,3.292334891,3.298416416,1319,0.000000000,12.100,51,0,0,2,true,1319
2,4,rest,0,3.304477121,3.310328306,1319,0.000000000,12.100,51,0,0,2,true,1319
2,4,rest,0,3.316276439,3.322420530,1319,0.000000000,12.100,51,0,0,2,true,1319
2,4,rest,0,3.328276360,3.334427869,1319,0.000000000,12.100,51,0,0,2,true,1319
2,4,rest,0,3.340486805,3.346538956,1319,0.000000000,12.100,51,0,0,2,true,1319
2,4,rest,0,3.352263050,3.358359513,1319,0.000000000,12.100,51,0,0,2,true,1319
2,4,rest,0,3.364324175,3.370228847,1319,0.000000000,12.100,51,0,0,2,true,1319
2,4,rest,0,3.376164428,3.382284736,1319,0.000000000,12.100,51,0,0,2,true,1319
2,4,rest,0,3.388205669,3.394230055,1319,0.000000000,12.100,51,0,0,2,true,1319
2,4,rest,0,3.400111574,3.406208724,1319,0.000000000,12.100,51,0,0,2,true,1319
2,4,rest,0,3.412173205,3.418310032,1319,0.000000000,12.100,51,0,0,2,true,1319
2,4,rest,0,3.424334617,3.430301397,1319,0.000000000,12.100,51,0,0,2,true,1319
2,4,rest,0,3.436408984,3.442254916,1319,0.000000000,12.100,51,0,0,2,true,1319
2,4,rest,0,3.448296654,3.454299242,1319,0.000000000,12.100,51,0,0,2,true,1319
2,4,rest,0,3.460242780,3.466281458,1319,0.000000000,12.100,51,0,0,2,true,1319
2,4,rest,0,3.472233059,3.478307321,1319,0.000000000,12.100,51,0,0,2,true,1319
2,4,rest,0,3.484391252,3.490323407,1319,0.000000000,12.100,51,0,0,2,true,1319
2,4,rest,0,3.496369258,3.502261195,1319,0.000000000,12.100,51,0,0,2,true,1319
2,4,rest,0,3.508205654,3.514235619,1319,0.000000000,12.100,51,0,0,2,true,1319
2,4,rest,0,3.520274474,3.526244169,1319,0.000000000,12.100,51,0,0,2,true,1319
2,4,rest,0,3.532298711,3.538259915,1319,0.000000000,12.100,51,0,0,2,true,1319
2,4,rest,0,3.544229240,3.550320409,1319,0.000000000,12.100,51,0,0,2,true,1319
2,4,rest,0,3.556254884,3.562253717,1319,0.000000000,12.100,51,0,0,2,true,1319
2,4,rest,0,3.568348111,3.574224517,1319,0.000000000,12.100,51,0,0,2,true,1319
2,4,rest,0,3.580174877,3.586098560,1319,0.000000000,12.100,51,0,0,2,true,1319
2,4,rest,0,3.592129828,3.598246082,1319,0.000000000,12.100,51,0,0,2,true,1319
2,4,rest,0,3.604248239,3.610048256,1319,0.000000000,12.100,51,0,0,2,true,1319
2,4,rest,0,3.616304079,3.622215305,1319,0.000000000,12.100,51,0,0,2,true,1319
2,4,rest,0,3.628128850,3.634240172,1319,0.000000000,12.100,51,0,0,2,true,1319
2,4,rest,0,3.640199601,3.646176662,1319,0.000000000,12.100,51,0,0,2,true,1319
3,4,excitation,-50,3.736251420,3.742185972,1319,0.000000000,12.100,51,0,0,0,true,1319
3,4,excitation,-50,3.748110981,3.754226479,1318,-0.153398079,12.100,51,0,0,0,true,1318
3,4,excitation,-50,3.760239465,3.766143016,1317,0.000000000,12.100,51,0,0,0,true,1317
3,4,excitation,-50,3.772241645,3.778281735,1316,-0.076699039,12.100,51,0,0,0,true,1316
3,4,excitation,-50,3.784210869,3.790169502,1315,-0.153398079,12.100,51,0,0,0,true,1315
3,4,excitation,-50,3.796168484,3.802109767,1314,-0.230097118,12.100,51,0,0,0,true,1314
3,4,excitation,-50,3.808296334,3.814307374,1312,-0.153398079,12.100,51,0,0,0,true,1312
3,4,excitation,-50,3.820330993,3.826190587,1311,-0.153398079,12.100,51,0,0,0,true,1311
3,4,excitation,-50,3.832395359,3.838287531,1309,-0.230097118,12.100,51,0,0,0,true,1309
3,4,excitation,-50,3.844192752,3.850241566,1308,-0.230097118,12.100,51,0,0,0,true,1308
3,4,excitation,-50,3.856308754,3.862406891,1306,-0.153398079,12.100,51,0,0,0,true,1306
3,4,excitation,-50,3.868284952,3.874265321,1305,-0.230097118,12.100,51,0,0,0,true,1305
3,4,excitation,-50,3.880264433,3.886235759,1303,-0.153398079,12.100,51,0,0,0,true,1303
3,4,excitation,-50,3.892200224,3.898408903,1302,-0.153398079,12.100,51,0,0,0,true,1302
3,4,excitation,-50,3.904237397,3.910090958,1300,-0.230097118,12.100,51,0,0,0,true,1300
3,4,excitation,-50,3.916074258,3.922139426,1299,-0.153398079,12.100,51,0,0,0,true,1299
3,4,excitation,0,3.946087172,3.952102414,1295,-0.230097118,12.100,51,0,0,1,false,1295
3,4,excitation,0,3.958153752,3.964231417,1294,-0.153398079,12.100,51,0,0,1,false,1294
3,4,excitation,0,3.970282408,3.976196268,1294,-0.153398079,12.100,51,0,0,1,false,1294
3,4,excitation,0,3.982065903,3.988334535,1294,0.000000000,12.100,51,0,0,1,false,1294
3,4,excitation,0,3.994046324,4.000170924,1294,0.000000000,12.100,51,0,0,1,false,1294
3,4,excitation,0,4.006050311,4.012314099,1294,0.000000000,12.100,51,0,0,1,false,1294
3,4,excitation,0,4.018061799,4.024282399,1294,0.000000000,12.100,51,0,0,1,false,1294
3,4,excitation,0,4.030148492,4.036297534,1294,0.000000000,12.100,51,0,0,1,false,1294
3,4,excitation,0,4.042281878,4.048418274,1294,0.000000000,12.100,51,0,0,1,false,1294
3,4,excitation,0,4.054117930,4.060144981,1294,0.000000000,12.100,51,0,0,1,false,1294
3,4,excitation,0,4.065972574,4.072275191,1294,0.000000000,12.100,51,0,0,1,false,1294
3,4,excitation,0,4.077906224,4.084284058,1294,0.000000000,12.100,51,0,0,1,false,1294
3,4,excitation,0,4.090155570,4.096095584,1294,0.000000000,12.100,51,0,0,1,false,1294
3,4,excitation,0,4.102116008,4.108165580,1294,0.000000000,12.100,51,0,0,1,false,1294
3,4,excitation,0,4.114054321,4.120034376,1294,0.000000000,12.100,51,0,0,1,false,1294
3,4,excitation,0,4.126075883,4.132122223,1294,0.000000000,12.100,51,0,0,1,false,1294
3,4,excitation,0,4.138063505,4.144272004,1294,0.000000000,12.100,51,0,0,1,false,1294
3,4,excitation,0,4.150072879,4.156148649,1294,0.000000000,12.100,51,0,0,1,false,1294
3,4,excitation,0,4.162243325,4.168245539,1294,0.000000000,12.100,51,0,0,1,false,1294
3,4,excitation,0,4.174111608,4.180239172,1294,0.000000000,12.100,51,0,0,1,false,1294
3,4,excitation,0,4.186187741,4.192324776,1294,0.000000000,12.100,51,0,0,1,false,1294
3,4,excitation,0,4.198100938,4.204236761,1294,0.000000000,12.100,51,0,0,1,false,1294
3,4,excitation,0,4.210167932,4.216288863,1294,0.000000000,12.100,51,0,0,1,false,1294
3,4,excitation,0,4.222057408,4.228173212,1294,0.000000000,12.100,51,0,0,1,false,1294
3,4,rest,0,4.234056228,4.240403873,1294,0.000000000,12.100,51,0,0,2,false,1294
3,4,rest,0,4.246248305,4.252426452,1294,0.000000000,12.100,51,0,0,2,false,1294
3,4,rest,0,4.258146147,4.264270386,1294,0.000000000,12.100,51,0,0,2,false,1294
3,4,rest,0,4.269954213,4.276084634,1294,0.000000000,12.100,51,0,0,2,false,1294
3,4,rest,0,4.282046113,4.288236977,1294,0.000000000,12.100,51,0,0,2,false,1294
3,4,rest,0,4.293944649,4.300084733,1294,0.000000000,12.100,51,0,0,2,false,1294
3,4,rest,0,4.306139918,4.312168212,1294,0.000000000,12.100,51,0,0,2,false,1294
3,4,rest,0,4.318002845,4.324057524,1294,0.000000000,12.100,51,0,0,2,false,1294
3,4,rest,0,4.329936832,4.336263073,1294,0.000000000,12.100,51,0,0,2,false,1294
3,4,rest,0,4.342234885,4.348289340,1294,0.000000000,12.100,51,0,0,2,false,1294
3,4,rest,0,4.353945409,4.360066134,1294,0.000000000,12.100,51,0,0,2,false,1294
3,4,rest,0,4.365930192,4.372144487,1294,0.000000000,12.100,51,0,0,2,false,1294
3,4,rest,0,4.377893100,4.384102350,1294,0.000000000,12.100,51,0,0,2,false,1294
3,4,rest,0,4.390006873,4.396046890,1294,0.000000000,12.100,51,0,0,2,false,1294
3,4,rest,0,4.402073626,4.408036007,1294,0.000000000,12.100,51,0,0,2,false,1294
3,4,rest,0,4.414160052,4.420107767,1294,0.000000000,12.100,51,0,0,2,false,1294
3,4,rest,0,4.425879409,4.432265494,1294,0.000000000,12.100,51,0,0,2,false,1294
3,4,rest,0,4.437988772,4.444209995,1294,0.000000000,12.100,51,0,0,2,false,1294
3,4,rest,0,4.450162983,4.456188150,1294,0.000000000,12.100,51,0,0,2,false,1294
3,4,rest,0,4.461931000,4.468018904,1294,0.000000000,12.100,51,0,0,2,false,1294
3,4,rest,0,4.474102002,4.480119562,1294,0.000000000,12.100,51,0,0,2,false,1294
3,4,rest,0,4.485958303,4.491990946,1294,0.000000000,12.100,51,0,0,2,false,1294
3,4,rest,0,4.497846517,4.504105415,1294,0.000000000,12.100,51,0,0,2,false,1294
3,4,rest,0,4.509952203,4.516090595,1294,0.000000000,12.100,51,0,0,2,false,1294
3,4,rest,0,4.521991405,4.528067573,1294,0.000000000,12.100,51,0,0,2,false,1294
3,4,rest,0,4.534088698,4.540135813,1294,0.000000000,12.100,51,0,0,2,false,1294
3,4,rest,0,4.546031898,4.552056481,1294,0.000000000,12.100,51,0,0,2,false,1294
3,4,rest,0,4.557994401,4.564017727,1294,0.000000000,12.100,51,0,0,2,false,1294
3,4,rest,0,4.570091008,4.576217154,1294,0.000000000,12.100,51,0,0,2,false,1294
3,4,rest,0,4.582101435,4.588103653,1294,0.000000000,12.100,51,0,0,2,false,1294
3,4,rest,0,4.593960327,4.600117557,1294,0.000000000,12.100,51,0,0,2,false,1294
3,4,rest,0,4.606037295,4.612188672,1294,0.000000000,12.100,51,0,0,2,false,1294
3,4,rest,0,4.618039583,4.624123772,1294,0.000000000,12.100,51,0,0,2,false,1294
3,4,rest,0,4.630151879,4.636290539,1294,0.000000000,12.100,51,0,0,2,false,1294
3,4,rest,0,4.642153489,4.648279853,1294,0.000000000,12.100,51,0,0,2,false,1294
3,4,rest,0,4.653964396,4.660310343,1294,0.000000000,12.100,51,0,0,2,false,1294
3,4,rest,0,4.666191228,4.672077782,1294,0.000000000,12.100,51,0,0,2,false,1294
3,4,rest,0,4.678102970,4.684034383,1294,0.000000000,12.100,51,0,0,2,false,1294
3,4,rest,0,4.690021980,4.696129577,1294,0.000000000,12.100,51,0,0,2,false,1294
3,4,rest,0,4.702094056,4.708156522,1294,0.000000000,12.100,51,0,0,2,false,1294
3,4,rest,0,4.714019132,4.720047154,1294,0.000000000,12.100,51,0,0,2,false,1294
3,4,rest,0,4.725850042,4.732183592,1294,0.000000000,12.100,51,0,0,2,false,1294
3,4,rest,0,4.737940907,4.743968067,1294,0.000000000,12.100,51,0,0,2,false,1294
3,4,rest,0,4.749953507,4.756036537,1294,0.000000000,12.100,51,0,0,2,false,1294
3,4,rest,0,4.762032094,4.768134347,1294,0.000000000,12.100,51,0,0,2,false,1294
3,4,rest,0,4.774047822,4.780137696,1294,0.000000000,12.100,51,0,0,2,false,1294
3,4,rest,0,4.786184702,4.792229876,1294,0.000000000,12.100,51,0,0,2,false,1294
3,4,rest,0,4.797874449,4.804287604,1294,0.000000000,12.100,51,0,0,2,false,1294
3,4,rest,0,4.809908172,4.816179841,1294,0.000000000,12.100,51,0,0,2,false,1294
3,4,rest,0,4.822006558,4.828115293,1294,0.000000000,12.100,51,0,0,2,false,1294
3,4,rest,0,4.834048041,4.840180943,1294,0.000000000,12.100,51,0,0,2,false,1294
4,4,excitation,50,4.945521338,4.954030765,1294,0.000000000,12.100,51,0,0,0,true,1294
4,4,excitation,50,4.960147037,4.966137835,1295,0.153398079,12.100,51,0,0,0,true,1295
4,4,excitation,50,4.972090660,4.978148606,1296,0.000000000,12.100,51,0,0,0,true,1296
4,4,excitation,50,4.984106672,4.990055975,1297,0.153398079,12.100,51,0,0,0,true,1297
4,4,excitation,50,4.996054883,5.002050727,1298,0.230097118,12.100,51,0,0,0,true,1298
4,4,excitation,50,5.007944083,5.014026092,1299,0.153398079,12.100,51,0,0,0,true,1299
4,4,excitation,50,5.019967649,5.025929293,1301,0.153398079,12.100,51,0,0,0,true,1301
4,4,excitation,50,5.032074684,5.038043855,1302,0.153398079,12.100,51,0,0,0,true,1302
4,4,excitation,50,5.043920637,5.050269067,1303,0.230097118,12.100,51,0,0,0,true,1303
4,4,excitation,50,5.056070338,5.062084297,1305,0.153398079,12.100,51,0,0,0,true,1305
4,4,excitation,50,5.068105142,5.074132262,1306,0.153398079,12.100,51,0,0,0,true,1306
4,4,excitation,50,5.080017925,5.085929617,1308,0.230097118,12.100,51,0,0,0,true,1308
4,4,excitation,50,5.092114302,5.097974781,1309,0.230097118,12.100,51,0,0,0,true,1309
4,4,excitation,50,5.103892891,5.110154751,1311,0.153398079,12.100,51,0,0,0,true,1311
4,4,excitation,50,5.115942508,5.121947104,1312,0.230097118,12.100,51,0,0,0,true,1312
4,4,excitation,0,5.140121022,5.146078886,1315,0.076699039,12.100,51,0,0,1,true,1315
4,4,excitation,0,5.151984786,5.158182518,1315,0.076699039,12.100,51,0,0,1,true,1315
4,4,excitation,0,5.163945651,5.170070356,1315,0.000000000,12.100,51,0,0,1,true,1315
4,4,excitation,0,5.176023493,5.182112396,1315,0.000000000,12.100,51,0,0,1,true,1315
4,4,excitation,0,5.188064071,5.194079813,1315,0.000000000,12.100,51,0,0,1,true,1315
4,4,excitation,0,5.200144173,5.206143604,1315,0.000000000,12.100,51,0,0,1,true,1315
4,4,excitation,0,5.212016391,5.218105728,1315,0.000000000,12.100,51,0,0,1,true,1315
4,4,excitation,0,5.224051880,5.230101878,1315,0.000000000,12.100,51,0,0,1,true,1315
4,4,excitation,0,5.235994591,5.242019716,1315,0.000000000,12.100,51,0,0,1,true,1315
4,4,excitation,0,5.248010923,5.254187083,1315,0.000000000,12.100,51,0,0,1,true,1315
4,4,excitation,0,5.260104142,5.266029430,1315,0.000000000,12.100,51,0,0,1,true,1315
4,4,excitation,0,5.271946171,5.277961623,1315,0.000000000,12.100,51,0,0,1,true,1315
4,4,excitation,0,5.283980904,5.290133095,1315,0.000000000,12.100,51,0,0,1,true,1315
4,4,excitation,0,5.296107656,5.301939103,1315,0.000000000,12.100,51,0,0,1,true,1315
4,4,excitation,0,5.307900463,5.314145515,1315,0.000000000,12.100,51,0,0,1,true,1315
4,4,excitation,0,5.320096601,5.325927021,1315,0.000000000,12.100,51,0,0,1,true,1315
4,4,excitation,0,5.332204976,5.338018953,1315,0.000000000,12.100,51,0,0,1,true,1315
4,4,excitation,0,5.343927693,5.350064900,1315,0.000000000,12.100,51,0,0,1,true,1315
4,4,excitation,0,5.355922906,5.361923848,1315,0.000000000,12.100,51,0,0,1,true,1315
4,4,excitation,0,5.368021947,5.374078964,1315,0.000000000,12.100,51,0,0,1,true,1315
4,4,excitation,0,5.380042096,5.386206037,1315,0.000000000,12.100,51,0,0,1,true,1315
4,4,excitation,0,5.392087913,5.397928456,1315,0.000000000,12.100,51,0,0,1,true,1315
4,4,excitation,0,5.404103946,5.410131651,1315,0.000000000,12.100,51,0,0,1,true,1315
4,4,excitation,0,5.416134931,5.422136137,1315,0.000000000,12.100,51,0,0,1,true,1315
4,4,excitation,0,5.428047241,5.434127866,1315,0.000000000,12.100,51,0,0,1,true,1315
4,4,rest,0,5.445947664,5.452189322,1315,0.000000000,12.100,51,0,0,2,true,1315
4,4,rest,0,5.458108110,5.463948246,1315,0.000000000,12.100,51,0,0,2,true,1315
4,4,rest,0,5.469869396,5.475899043,1315,0.000000000,12.100,51,0,0,2,true,1315
4,4,rest,0,5.482026737,5.488063899,1315,0.000000000,12.100,51,0,0,2,true,1315
4,4,rest,0,5.494041331,5.499886162,1315,0.000000000,12.100,51,0,0,2,true,1315
4,4,rest,0,5.506038673,5.511905210,1315,0.000000000,12.100,51,0,0,2,true,1315
4,4,rest,0,5.518036143,5.524128434,1315,0.000000000,12.100,51,0,0,2,true,1315
4,4,rest,0,5.529983161,5.536016014,1315,0.000000000,12.100,51,0,0,2,true,1315
4,4,rest,0,5.541963943,5.548195847,1315,0.000000000,12.100,51,0,0,2,true,1315
4,4,rest,0,5.553860594,5.559946597,1315,0.000000000,12.100,51,0,0,2,true,1315
4,4,rest,0,5.565893480,5.571856304,1315,0.000000000,12.100,51,0,0,2,true,1315
4,4,rest,0,5.578147875,5.583955177,1315,0.000000000,12.100,51,0,0,2,true,1315
4,4,rest,0,5.590079145,5.596077590,1315,0.000000000,12.100,51,0,0,2,true,1315
4,4,rest,0,5.602012377,5.608111157,1315,0.000000000,12.100,51,0,0,2,true,1315
4,4,rest,0,5.613940384,5.619865248,1315,0.000000000,12.100,51,0,0,2,true,1315
4,4,rest,0,5.625907935,5.631913516,1315,0.000000000,12.100,51,0,0,2,true,1315
4,4,rest,0,5.638048588,5.643863460,1315,0.000000000,12.100,51,0,0,2,true,1315
4,4,rest,0,5.649966247,5.656130750,1315,0.000000000,12.100,51,0,0,2,true,1315
4,4,rest,0,5.662073713,5.668107930,1315,0.000000000,12.100,51,0,0,2,true,1315
4,4,rest,0,5.674114696,5.680062414,1315,0.000000000,12.100,51,0,0,2,true,1315
4,4,rest,0,5.686023020,5.691968508,1315,0.000000000,12.100,51,0,0,2,true,1315
4,4,rest,0,5.698092098,5.704095152,1315,0.000000000,12.100,51,0,0,2,true,1315
4,4,rest,0,5.710122881,5.715973692,1315,0.000000000,12.100,51,0,0,2,true,1315
4,4,rest,0,5.722112945,5.727903736,1315,0.000000000,12.100,51,0,0,2,true,1315
4,4,rest,0,5.734081830,5.740067204,1315,0.000000000,12.100,51,0,0,2,true,1315
4,4,rest,0,5.746118688,5.751974208,1315,0.000000000,12.100,51,0,0,2,true,1315
4,4,rest,0,5.758064214,5.764056583,1315,0.000000000,12.100,51,0,0,2,true,1315
4,4,rest,0,5.770047598,5.776098460,1315,0.000000000,12.100,51,0,0,2,true,1315
4,4,rest,0,5.782004105,5.788083908,1315,0.000000000,12.100,51,0,0,2,true,1315
4,4,rest,0,5.793999122,5.800157485,1315,0.000000000,12.100,51,0,0,2,true,1315
4,4,rest,0,5.806043430,5.812104385,1315,0.000000000,12.100,51,0,0,2,true,1315
4,4,rest,0,5.817893020,5.824112940,1315,0.000000000,12.100,51,0,0,2,true,1315
4,4,rest,0,5.829817069,5.835955565,1315,0.000000000,12.100,51,0,0,2,true,1315
4,4,rest,0,5.841826337,5.848115605,1315,0.000000000,12.100,51,0,0,2,true,1315
4,4,rest,0,5.853969373,5.860063185,1315,0.000000000,12.100,51,0,0,2,true,1315
4,4,rest,0,5.866094707,5.871874314,1315,0.000000000,12.100,51,0,0,2,true,1315
4,4,rest,0,5.878016960,5.883878968,1315,0.000000000,12.100,51,0,0,2,true,1315
4,4,rest,0,5.890043025,5.896043156,1315,0.000000000,12.100,51,0,0,2,true,1315
4,4,rest,0,5.902129896,5.908120865,1315,0.000000000,12.100,51,0,0,2,true,1315
4,4,rest,0,5.913868445,5.919904810,1315,0.000000000,12.100,51,0,0,2,true,1315
4,4,rest,0,5.926029302,5.932007066,1315,0.000000000,12.100,51,0,0,2,true,1315
4,4,rest,0,5.937950488,5.944112601,1315,0.000000000,12.100,51,0,0,2,true,1315
4,4,rest,0,5.949932161,5.955963388,1315,0.000000000,12.100,51,0,0,2,true,1315
4,4,rest,0,5.961972405,5.968116572,1315,0.000000000,12.100,51,0,0,2,true,1315
4,4,rest,0,5.973945998,5.979922496,1315,0.000000000,12.100,51,0,0,2,true,1315
4,4,rest,0,5.986111698,5.991980495,1315,0.000000000,12.100,51,0,0,2,true,1315
4,4,rest,0,5.998129244,6.004002128,1315,0.000000000,12.100,51,0,0,2,true,1315
4,4,rest,0,6.009952909,6.016189674,1315,0.000000000,12.100,51,0,0,2,true,1315
4,4,rest,0,6.021929415,6.028082532,1315,0.000000000,12.100,51,0,0,2,true,1315
4,4,rest,0,6.033880556,6.039919221,1315,0.000000000,12.100,51,0,0,2,true,1315
5,4,excitation,50,6.130021109,6.136034944,1315,0.000000000,12.100,51,0,0,0,true,1315
5,4,excitation,50,6.141964779,6.147949186,1315,0.000000000,12.100,51,0,0,0,true,1315
5,4,excitation,50,6.154029409,6.160024444,1316,0.000000000,12.100,51,0,0,0,true,1316
5,4,excitation,50,6.165913833,6.171967153,1317,0.153398079,12.100,51,0,0,0,true,1317
5,4,excitation,50,6.177904029,6.183981279,1318,0.153398079,12.100,51,0,0,0,true,1318
5,4,excitation,50,6.189910408,6.196014071,1320,0.153398079,12.100,51,0,0,0,true,1320
5,4,excitation,50,6.201973899,6.207984578,1321,0.230097118,12.100,51,0,0,0,true,1321
5,4,excitation,50,6.213933096,6.219963551,1323,0.153398079,12.100,51,0,0,0,true,1323
5,4,excitation,50,6.226046834,6.231850464,1324,0.230097118,12.100,51,0,0,0,true,1324
5,4,excitation,50,6.237774109,6.244049714,1326,0.153398079,12.100,51,0,0,0,true,1326
5,4,excitation,50,6.250061184,6.256054746,1327,0.230097118,12.100,51,0,0,0,true,1327
5,4,excitation,50,6.261988551,6.268055372,1329,0.230097118,12.100,51,0,0,0,true,1329
5,4,excitation,50,6.273967991,6.279948944,1330,0.230097118,12.100,51,0,0,0,true,1330
5,4,excitation,50,6.286080802,6.291929345,1332,0.230097118,12.100,51,0,0,0,true,1332
5,4,excitation,50,6.297876764,6.303968534,1333,0.153398079,12.100,51,0,0,0,true,1333
5,4,excitation,50,6.309856353,6.315952974,1335,0.153398079,12.100,51,0,0,0,true,1335
5,4,excitation,0,6.339702801,6.345949824,1338,0.230097118,12.100,51,0,0,1,false,1338
5,4,excitation,0,6.351969639,6.357919139,1339,0.153398079,12.100,51,0,0,1,false,1339
5,4,excitation,0,6.363778431,6.370028041,1339,0.000000000,12.100,51,0,0,1,false,1339
5,4,excitation,0,6.375971775,6.381898100,1340,0.076699039,12.100,51,0,0,1,false,1340
5,4,excitation,0,6.387693882,6.393991632,1340,0.000000000,12.100,51,0,0,1,false,1340
5,4,excitation,0,6.399850028,6.405886609,1340,0.000000000,12.100,51,0,0,1,false,1340
5,4,excitation,0,6.411861914,6.417947634,1340,0.000000000,12.100,51,0,0,1,false,1340
5,4,excitation,0,6.423821464,6.429874190,1340,0.000000000,12.100,51,0,0,1,false,1340
5,4,excitation,0,6.435821626,6.441795803,1340,0.000000000,12.100,51,0,0,1,false,1340
5,4,excitation,0,6.447807318,6.453995545,1340,0.000000000,12.100,51,0,0,1,false,1340
5,4,excitation,0,6.459850016,6.465830749,1340,0.000000000,12.100,51,0,0,1,false,1340
5,4,excitation,0,6.471876693,6.477837669,1340,0.000000000,12.100,51,0,0,1,false,1340
5,4,excitation,0,6.483966902,6.489817014,1340,0.000000000,12.100,51,0,0,1,false,1340
5,4,excitation,0,6.495730751,6.501993401,1340,0.000000000,12.100,51,0,0,1,false,1340
5,4,excitation,0,6.507779020,6.513796594,1340,0.000000000,12.100,51,0,0,1,false,1340
5,4,excitation,0,6.519831368,6.526015932,1340,0.000000000,12.100,51,0,0,1,false,1340
5,4,excitation,0,6.531749149,6.537927833,1340,0.000000000,12.100,51,0,0,1,false,1340
5,4,excitation,0,6.543742693,6.549839365,1340,0.000000000,12.100,51,0,0,1,false,1340
5,4,excitation,0,6.555752553,6.561843092,1340,0.000000000,12.100,51,0,0,1,false,1340
5,4,excitation,0,6.567785618,6.573806529,1340,0.000000000,12.100,51,0,0,1,false,1340
5,4,excitation,0,6.579683648,6.585940618,1340,0.000000000,12.100,51,0,0,1,false,1340
5,4,excitation,0,6.591924353,6.597948873,1340,0.000000000,12.100,51,0,0,1,false,1340
5,4,excitation,0,6.603792655,6.609920579,1340,0.000000000,12.100,51,0,0,1,false,1340
5,4,excitation,0,6.615863092,6.622028182,1340,0.000000000,12.100,51,0,0,1,false,1340
5,4,rest,0,6.627960148,6.634031398,1340,0.000000000,12.100,51,0,0,2,false,1340
5,4,rest,0,6.639730788,6.645982440,1340,0.000000000,12.100,51,0,0,2,false,1340
5,4,rest,0,6.651879969,6.657970578,1340,0.000000000,12.100,51,0,0,2,false,1340
5,4,rest,0,6.663906028,6.670000964,1340,0.000000000,12.100,51,0,0,2,false,1340
5,4,rest,0,6.675875481,6.681938230,1340,0.000000000,12.100,51,0,0,2,false,1340
5,4,rest,0,6.687711336,6.693841822,1340,0.000000000,12.100,51,0,0,2,false,1340
5,4,rest,0,6.699877188,6.705919276,1340,0.000000000,12.100,51,0,0,2,false,1340
5,4,rest,0,6.711880770,6.717971653,1340,0.000000000,12.100,51,0,0,2,false,1340
5,4,rest,0,6.723841187,6.729870938,1340,0.000000000,12.100,51,0,0,2,false,1340
5,4,rest,0,6.735736915,6.741982943,1340,0.000000000,12.100,51,0,0,2,false,1340
5,4,rest,0,6.747969443,6.753957743,1340,0.000000000,12.100,51,0,0,2,false,1340
5,4,rest,0,6.759750654,6.765846778,1340,0.000000000,12.100,51,0,0,2,false,1340
5,4,rest,0,6.771881024,6.777944816,1340,0.000000000,12.100,51,0,0,2,false,1340
5,4,rest,0,6.783809779,6.789915009,1340,0.000000000,12.100,51,0,0,2,false,1340
5,4,rest,0,6.795866953,6.801941128,1340,0.000000000,12.100,51,0,0,2,false,1340
5,4,rest,0,6.807823829,6.813857192,1340,0.000000000,12.100,51,0,0,2,false,1340
5,4,rest,0,6.819705114,6.825823442,1340,0.000000000,12.100,51,0,0,2,false,1340
5,4,rest,0,6.831900382,6.837969242,1340,0.000000000,12.100,51,0,0,2,false,1340
5,4,rest,0,6.843745086,6.849978667,1340,0.000000000,12.100,51,0,0,2,false,1340
5,4,rest,0,6.855842621,6.861975174,1340,0.000000000,12.100,51,0,0,2,false,1340
5,4,rest,0,6.867896676,6.873908596,1340,0.000000000,12.100,51,0,0,2,false,1340
5,4,rest,0,6.879717247,6.886096868,1340,0.000000000,12.100,51,0,0,2,false,1340
5,4,rest,0,6.891799820,6.897933795,1340,0.000000000,12.100,51,0,0,2,false,1340
5,4,rest,0,6.903907305,6.909987610,1340,0.000000000,12.100,51,0,0,2,false,1340
5,4,rest,0,6.915740033,6.922046294,1340,0.000000000,12.100,51,0,0,2,false,1340
5,4,rest,0,6.927730754,6.933791341,1340,0.000000000,12.100,51,0,0,2,false,1340
5,4,rest,0,6.939653632,6.945777787,1340,0.000000000,12.100,51,0,0,2,false,1340
5,4,rest,0,6.951864949,6.957798272,1340,0.000000000,12.100,51,0,0,2,false,1340
5,4,rest,0,6.963677576,6.969932691,1340,0.000000000,12.100,51,0,0,2,false,1340
5,4,rest,0,6.975762217,6.981929337,1340,0.000000000,12.100,51,0,0,2,false,1340
5,4,rest,0,6.987905313,6.993823275,1340,0.000000000,12.100,51,0,0,2,false,1340
5,4,rest,0,6.999674910,7.005725892,1340,0.000000000,12.100,51,0,0,2,false,1340
5,4,rest,0,7.011796290,7.017934112,1340,0.000000000,12.100,51,0,0,2,false,1340
5,4,rest,0,7.023811616,7.029804420,1340,0.000000000,12.100,51,0,0,2,false,1340
5,4,rest,0,7.035755271,7.041796508,1340,0.000000000,12.100,51,0,0,2,false,1340
5,4,rest,0,7.047656888,7.053972344,1340,0.000000000,12.100,51,0,0,2,false,1340
5,4,rest,0,7.059757725,7.065767716,1340,0.000000000,12.100,51,0,0,2,false,1340
5,4,rest,0,7.071813616,7.077901312,1340,0.000000000,12.100,51,0,0,2,false,1340
5,4,rest,0,7.083774121,7.089797901,1340,0.000000000,12.100,51,0,0,2,false,1340
5,4,rest,0,7.095798539,7.101885602,1340,0.000000000,12.100,51,0,0,2,false,1340
5,4,rest,0,7.107729267,7.113826567,1340,0.000000000,12.100,51,0,0,2,false,1340
5,4,rest,0,7.119830166,7.125884254,1340,0.000000000,12.100,51,0,0,2,false,1340
5,4,rest,0,7.131861263,7.137868514,1340,0.000000000,12.100,51,0,0,2,false,1340
5,4,rest,0,7.143726795,7.149778930,1340,0.000000000,12.100,51,0,0,2,false,1340
5,4,rest,0,7.155782455,7.161961112,1340,0.000000000,12.100,51,0,0,2,false,1340
5,4,rest,0,7.167865242,7.173945945,1340,0.000000000,12.100,51,0,0,2,false,1340
5,4,rest,0,7.179782879,7.185907706,1340,0.000000000,12.100,51,0,0,2,false,1340
5,4,rest,0,7.191752927,7.197781549,1340,0.000000000,12.100,51,0,0,2,false,1340
5,4,rest,0,7.203808837,7.209807362,1340,0.000000000,12.100,51,0,0,2,false,1340
5,4,rest,0,7.215644019,7.221721412,1340,0.000000000,12.100,51,0,0,2,false,1340
5,4,rest,0,7.227693376,7.234064204,1340,0.000000000,12.100,51,0,0,2,false,1340
6,4,excitation,-50,7.329771620,7.335964206,1340,0.000000000,12.100,51,0,0,0,true,1340
6,4,excitation,-50,7.341918271,7.347961999,1340,0.000000000,12.100,51,0,0,0,true,1340
6,4,excitation,-50,7.353881617,7.359965071,1339,0.000000000,12.100,51,0,0,0,true,1339
6,4,excitation,-50,7.365803939,7.371897657,1338,-0.153398079,12.100,51,0,0,0,true,1338
6,4,excitation,-50,7.377794079,7.384032988,1337,-0.153398079,12.100,51,0,0,0,true,1337
6,4,excitation,-50,7.389747459,7.395737853,1336,-0.153398079,12.100,51,0,0,0,true,1336
6,4,excitation,-50,7.401947296,7.407750196,1334,-0.076699039,12.100,51,0,0,0,true,1334
6,4,excitation,-50,7.413911187,7.419743589,1333,-0.153398079,12.100,51,0,0,0,true,1333
6,4,excitation,-50,7.425895194,7.431887207,1332,-0.153398079,12.100,51,0,0,0,true,1332
6,4,excitation,-50,7.437936456,7.443862381,1331,-0.153398079,12.100,51,0,0,0,true,1331
6,4,excitation,-50,7.449951792,7.455877481,1329,-0.153398079,12.100,51,0,0,0,true,1329
6,4,excitation,-50,7.461752794,7.467928310,1328,-0.230097118,12.100,51,0,0,0,true,1328
6,4,excitation,-50,7.473753751,7.479969032,1326,-0.153398079,12.100,51,0,0,0,true,1326
6,4,excitation,-50,7.485705011,7.491700431,1325,-0.230097118,12.100,51,0,0,0,true,1325
6,4,excitation,-50,7.497806252,7.503826263,1323,-0.153398079,12.100,51,0,0,0,true,1323
6,4,excitation,-50,7.509694349,7.515846425,1322,-0.153398079,12.100,51,0,0,0,true,1322
6,4,excitation,0,7.533761899,7.539838316,1319,-0.153398079,12.100,51,0,0,1,true,1319
6,4,excitation,0,7.545813030,7.551874587,1319,-0.153398079,12.100,51,0,0,1,true,1319
6,4,excitation,0,7.557948034,7.564013984,1319,0.000000000,12.100,51,0,0,1,true,1319
6,4,excitation,0,7.569734529,7.575747104,1319,0.000000000,12.100,51,0,0,1,true,1319
6,4,excitation,0,7.581898036,7.587886858,1319,0.000000000,12.100,51,0,0,1,true,1319
6,4,excitation,0,7.593804376,7.599930819,1319,0.000000000,12.100,51,0,0,1,true,1319
6,4,excitation,0,7.605875358,7.611791447,1319,0.000000000,12.100,51,0,0,1,true,1319
6,4,excitation,0,7.617800396,7.623926526,1319,0.000000000,12.100,51,0,0,1,true,1319
6,4,excitation,0,7.629982996,7.635716403,1319,0.000000000,12.100,51,0,0,1,true,1319
6,4,excitation,0,7.641814864,7.647770126,1319,0.000000000,12.100,51,0,0,1,true,1319
6,4,excitation,0,7.653805516,7.659761507,1319,0.000000000,12.100,51,0,0,1,true,1319
6,4,excitation,0,7.665990627,7.671814425,1319,0.000000000,12.100,51,0,0,1,true,1319
6,4,excitation,0,7.677683672,7.683900051,1319,0.000000000,12.100,51,0,0,1,true,1319
6,4,excitation,0,7.689893811,7.695874586,1319,0.000000000,12.100,51,0,0,1,true,1319
6,4,excitation,0,7.701925583,7.707768091,1319,0.000000000,12.100,51,0,0,1,true,1319
6,4,excitation,0,7.713859130,7.719792110,1319,0.000000000,12.100,51,0,0,1,true,1319
6,4,excitation,0,7.725830007,7.732024383,1319,0.000000000,12.100,51,0,0,1,true,1319
6,4,excitation,0,7.737924427,7.743853663,1319,0.000000000,12.100,51,0,0,1,true,1319
6,4,excitation,0,7.750017097,7.755866997,1319,0.000000000,12.100,51,0,0,1,true,1319
6,4,excitation,0,7.761976381,7.767821176,1319,0.000000000,12.100,51,0,0,1,true,1319
6,4,excitation,0,7.773882164,7.780088599,1319,0.000000000,12.100,51,0,0,1,true,1319
6,4,excitation,0,7.785770181,7.791803058,1319,0.000000000,12.100,51,0,0,1,true,1319
6,4,excitation,0,7.797945372,7.803937019,1319,0.000000000,12.100,51,0,0,1,true,1319
6,4,excitation,0,7.809913528,7.815871497,1319,0.000000000,12.100,51,0,0,1,true,1319
6,4,rest,0,7.833974774,7.839777748,1319,0.000000000,12.100,51,0,0,2,true,1319
6,4,rest,0,7.845781584,7.851824610,1319,0.000000000,12.100,51,0,0,2,true,1319
6,4,rest,0,7.857923530,7.863835687,1319,0.000000000,12.100,51,0,0,2,true,1319
6,4,rest,0,7.869679728,7.875859228,1319,0.000000000,12.100,51,0,0,2,true,1319
6,4,rest,0,7.881851319,7.887833218,1319,0.000000000,12.100,51,0,0,2,true,1319
6,4,rest,0,7.893916185,7.899963455,1319,0.000000000,12.100,51,0,0,2,true,1319
6,4,rest,0,7.905668631,7.911736785,1319,0.000000000,12.100,51,0,0,2,true,1319
6,4,rest,0,7.917861494,7.923695151,1319,0.000000000,12.100,51,0,0,2,true,1319
6,4,rest,0,7.929762065,7.936037485,1319,0.000000000,12.100,51,0,0,2,true,1319
6,4,rest,0,7.941976918,7.947813971,1319,0.000000000,12.100,51,0,0,2,true,1319
6,4,rest,0,7.953807663,7.959976737,1319,0.000000000,12.100,51,0,0,2,true,1319
6,4,rest,0,7.966015604,7.971921140,1319,0.000000000,12.100,51,0,0,2,true,1319
6,4,rest,0,7.977831257,7.983953420,1319,0.000000000,12.100,51,0,0,2,true,1319
6,4,rest,0,7.989882158,7.995920714,1319,0.000000000,12.100,51,0,0,2,true,1319
6,4,rest,0,8.001802797,8.007821132,1319,0.000000000,12.100,51,0,0,2,true,1319
6,4,rest,0,8.013858369,8.019859371,1319,0.000000000,12.100,51,0,0,2,true,1319
6,4,rest,0,8.025762670,8.031891174,1319,0.000000000,12.100,51,0,0,2,true,1319
6,4,rest,0,8.037628061,8.043742173,1319,0.000000000,12.100,51,0,0,2,true,1319
6,4,rest,0,8.049846924,8.055856183,1319,0.000000000,12.100,51,0,0,2,true,1319
6,4,rest,0,8.061774254,8.067811664,1319,0.000000000,12.100,51,0,0,2,true,1319
6,4,rest,0,8.073790577,8.079664167,1319,0.000000000,12.100,51,0,0,2,true,1319
6,4,rest,0,8.085796515,8.091893981,1319,0.000000000,12.100,51,0,0,2,true,1319
6,4,rest,0,8.097987997,8.103737233,1319,0.000000000,12.100,51,0,0,2,true,1319
6,4,rest,0,8.109703739,8.115734944,1319,0.000000000,12.100,51,0,0,2,true,1319
6,4,rest,0,8.121653554,8.127723695,1319,0.000000000,12.100,51,0,0,2,true,1319
6,4,rest,0,8.133788484,8.139850126,1319,0.000000000,12.100,51,0,0,2,true,1319
6,4,rest,0,8.145943334,8.151737061,1319,0.000000000,12.100,51,0,0,2,true,1319
6,4,rest,0,8.157647605,8.163680807,1319,0.000000000,12.100,51,0,0,2,true,1319
6,4,rest,0,8.169825491,8.175800091,1319,0.000000000,12.100,51,0,0,2,true,1319
6,4,rest,0,8.181637184,8.187627370,1319,0.000000000,12.100,51,0,0,2,true,1319
6,4,rest,0,8.193773185,8.199948949,1319,0.000000000,12.100,51,0,0,2,true,1319
6,4,rest,0,8.205858521,8.211846305,1319,0.000000000,12.100,51,0,0,2,true,1319
6,4,rest,0,8.217821197,8.223852634,1319,0.000000000,12.100,51,0,0,2,true,1319
6,4,rest,0,8.229792085,8.235855398,1319,0.000000000,12.100,51,0,0,2,true,1319
6,4,rest,0,8.241765279,8.247692650,1319,0.000000000,12.100,51,0,0,2,true,1319
6,4,rest,0,8.253835334,8.259772340,1319,0.000000000,12.100,51,0,0,2,true,1319
6,4,rest,0,8.265631607,8.271821995,1319,0.000000000,12.100,51,0,0,2,true,1319
6,4,rest,0,8.277752775,8.283804839,1319,0.000000000,12.100,51,0,0,2,true,1319
6,4,rest,0,8.289773414,8.295862319,1319,0.000000000,12.100,51,0,0,2,true,1319
6,4,rest,0,8.301791756,8.307746338,1319,0.000000000,12.100,51,0,0,2,true,1319
6,4,rest,0,8.313902903,8.319674516,1319,0.000000000,12.100,51,0,0,2,true,1319
6,4,rest,0,8.325805086,8.331900209,1319,0.000000000,12.100,51,0,0,2,true,1319
6,4,rest,0,8.337841465,8.343904640,1319,0.000000000,12.100,51,0,0,2,true,1319
6,4,rest,0,8.349797927,8.355821541,1319,0.000000000,12.100,51,0,0,2,true,1319
6,4,rest,0,8.361841132,8.367820585,1319,0.000000000,12.100,51,0,0,2,true,1319
6,4,rest,0,8.373687759,8.379747217,1319,0.000000000,12.100,51,0,0,2,true,1319
6,4,rest,0,8.385723249,8.391714847,1319,0.000000000,12.100,51,0,0,2,true,1319
6,4,rest,0,8.397713735,8.403757213,1319,0.000000000,12.100,51,0,0,2,true,1319
6,4,rest,0,8.409623099,8.415708694,1319,0.000000000,12.100,51,0,0,2,true,1319
6,4,rest,0,8.421623457,8.427664338,1319,0.000000000,12.100,51,0,0,2,true,1319
7,4,excitation,-50,8.517677296,8.523622678,1319,0.000000000,12.100,51,0,0,0,true,1319
7,4,excitation,-50,8.529829577,8.535818949,1318,0.000000000,12.100,51,0,0,0,true,1318
7,4,excitation,-50,8.541791365,8.547846550,1317,-0.076699039,12.100,51,0,0,0,true,1317
7,4,excitation,-50,8.553760876,8.559660370,1316,-0.153398079,12.100,51,0,0,0,true,1316
7,4,excitation,-50,8.565708511,8.571587363,1315,-0.153398079,12.100,51,0,0,0,true,1315
7,4,excitation,-50,8.577580859,8.583719833,1314,-0.153398079,12.100,51,0,0,0,true,1314
7,4,excitation,-50,8.589666552,8.595777618,1312,-0.076699039,12.100,51,0,0,0,true,1312
7,4,excitation,-50,8.601756209,8.607755268,1311,-0.230097118,12.100,51,0,0,0,true,1311
7,4,excitation,-50,8.613643552,8.619681027,1310,-0.153398079,12.100,51,0,0,0,true,1310
7,4,excitation,-50,8.625579013,8.631626078,1308,-0.153398079,12.100,51,0,0,0,true,1308
7,4,excitation,-50,8.637723554,8.643843303,1306,-0.230097118,12.100,51,0,0,0,true,1306
7,4,excitation,-50,8.649685265,8.655746331,1305,-0.230097118,12.100,51,0,0,0,true,1305
7,4,excitation,-50,8.661756835,8.667796641,1303,-0.153398079,12.100,51,0,0,0,true,1303
7,4,excitation,-50,8.673819418,8.679672154,1302,-0.153398079,12.100,51,0,0,0,true,1302
7,4,excitation,-50,8.685865833,8.691706588,1301,-0.153398079,12.100,51,0,0,0,true,1301
7,4,excitation,-50,8.697925273,8.703758425,1299,-0.153398079,12.100,51,0,0,0,true,1299
7,4,excitation,0,8.727843498,8.733919652,1296,-0.153398079,12.100,51,0,0,1,false,1296
7,4,excitation,0,8.739700108,8.745730458,1295,-0.153398079,12.100,51,0,0,1,false,1295
7,4,excitation,0,8.751604628,8.757855782,1295,0.000000000,12.100,51,0,0,1,false,1295
7,4,excitation,0,8.763863283,8.769924680,1295,0.000000000,12.100,51,0,0,1,false,1295
7,4,excitation,0,8.775650322,8.781889468,1295,0.000000000,12.100,51,0,0,1,false,1295
7,4,excitation,0,8.787601343,8.793623667,1295,0.000000000,12.100,51,0,0,1,false,1295
7,4,excitation,0,8.799681751,8.805713757,1295,0.000000000,12.100,51,0,0,1,false,1295
7,4,excitation,0,8.811568991,8.817863852,1295,0.000000000,12.100,51,0,0,1,false,1295
7,4,excitation,0,8.823759707,8.829787300,1295,0.000000000,12.100,51,0,0,1,false,1295
7,4,excitation,0,8.835512053,8.841612808,1295,0.000000000,12.100,51,0,0,1,false,1295
7,4,excitation,0,8.847637072,8.853640312,1295,0.000000000,12.100,51,0,0,1,false,1295
7,4,excitation,0,8.859546033,8.865596182,1295,0.000000000,12.100,51,0,0,1,false,1295
7,4,excitation,0,8.871626702,8.877676925,1295,0.000000000,12.100,51,0,0,1,false,1295
7,4,excitation,0,8.883668697,8.889721082,1295,0.000000000,12.100,51,0,0,1,false,1295
7,4,excitation,0,8.895446480,8.901825262,1295,0.000000000,12.100,51,0,0,1,false,1295
7,4,excitation,0,8.907507582,8.913605484,1295,0.000000000,12.100,51,0,0,1,false,1295
7,4,excitation,0,8.919697757,8.925593265,1295,0.000000000,12.100,51,0,0,1,false,1295
7,4,excitation,0,8.931718823,8.937813335,1295,0.000000000,12.100,51,0,0,1,false,1295
7,4,excitation,0,8.943778173,8.949708010,1295,0.000000000,12.100,51,0,0,1,false,1295
7,4,excitation,0,8.955506413,8.961606864,1295,0.000000000,12.100,51,0,0,1,false,1295
7,4,excitation,0,8.967640968,8.973637657,1295,0.000000000,12.100,51,0,0,1,false,1295
7,4,excitation,0,8.979462560,8.985802075,1295,0.000000000,12.100,51,0,0,1,false,1295
7,4,excitation,0,8.991645693,8.997678853,1295,0.000000000,12.100,51,0,0,1,false,1295
7,4,excitation,0,9.003567133,9.009800176,1295,0.000000000,12.100,51,0,0,1,false,1295
7,4,rest,0,9.015563270,9.021605812,1295,0.000000000,12.100,51,0,0,2,false,1295
7,4,rest,0,9.027690806,9.033767914,1295,0.000000000,12.100,51,0,0,2,false,1295
7,4,rest,0,9.039627610,9.045622264,1295,0.000000000,12.100,51,0,0,2,false,1295
7,4,rest,0,9.051688557,9.057719265,1295,0.000000000,12.100,51,0,0,2,false,1295
7,4,rest,0,9.063454320,9.069669670,1295,0.000000000,12.100,51,0,0,2,false,1295
7,4,rest,0,9.075592056,9.081833118,1295,0.000000000,12.100,51,0,0,2,false,1295
7,4,rest,0,9.087620512,9.093670028,1295,0.000000000,12.100,51,0,0,2,false,1295
7,4,rest,0,9.099632018,9.105872512,1295,0.000000000,12.100,51,0,0,2,false,1295
7,4,rest,0,9.111555247,9.117659871,1295,0.000000000,12.100,51,0,0,2,false,1295
7,4,rest,0,9.123519581,9.129765693,1295,0.000000000,12.100,51,0,0,2,false,1295
7,4,rest,0,9.135559105,9.141762666,1295,0.000000000,12.100,51,0,0,2,false,1295
7,4,rest,0,9.147678930,9.153712425,1295,0.000000000,12.100,51,0,0,2,false,1295
7,4,rest,0,9.159548053,9.165739745,1295,0.000000000,12.100,51,0,0,2,false,1295
7,4,rest,0,9.171409061,9.177839011,1295,0.000000000,12.100,51,0,0,2,false,1295
7,4,rest,0,9.183639765,9.189641130,1295,0.000000000,12.100,51,0,0,2,false,1295
7,4,rest,0,9.195473167,9.201560336,1295,0.000000000,12.100,51,0,0,2,false,1295
7,4,rest,0,9.207461126,9.213749250,1295,0.000000000,12.100,51,0,0,2,false,1295
7,4,rest,0,9.219593896,9.225583443,1295,0.000000000,12.100,51,0,0,2,false,1295
7,4,rest,0,9.231508466,9.237668173,1295,0.000000000,12.100,51,0,0,2,false,1295
7,4,rest,0,9.243539712,9.249803298,1295,0.000000000,12.100,51,0,0,2,false,1295
7,4,rest,0,9.255450916,9.261777608,1295,0.000000000,12.100,51,0,0,2,false,1295
7,4,rest,0,9.267664467,9.273555442,1295,0.000000000,12.100,51,0,0,2,false,1295
7,4,rest,0,9.279428821,9.285764371,1295,0.000000000,12.100,51,0,0,2,false,1295
7,4,rest,0,9.291634858,9.297641955,1295,0.000000000,12.100,51,0,0,2,false,1295
7,4,rest,0,9.303463949,9.309823225,1295,0.000000000,12.100,51,0,0,2,false,1295
7,4,rest,0,9.315465378,9.321741607,1295,0.000000000,12.100,51,0,0,2,false,1295
7,4,rest,0,9.327512773,9.333621200,1295,0.000000000,12.100,51,0,0,2,false,1295
7,4,rest,0,9.339498157,9.345592995,1295,0.000000000,12.100,51,0,0,2,false,1295
7,4,rest,0,9.351487154,9.357574146,1295,0.000000000,12.100,51,0,0,2,false,1295
7,4,rest,0,9.363419957,9.369693745,1295,0.000000000,12.100,51,0,0,2,false,1295
7,4,rest,0,9.375561412,9.381665242,1295,0.000000000,12.100,51,0,0,2,false,1295
7,4,rest,0,9.387489615,9.393626628,1295,0.000000000,12.100,51,0,0,2,false,1295
7,4,rest,0,9.399518675,9.405608285,1295,0.000000000,12.100,51,0,0,2,false,1295
7,4,rest,0,9.411451736,9.417651858,1295,0.000000000,12.100,51,0,0,2,false,1295
7,4,rest,0,9.423386180,9.429581609,1295,0.000000000,12.100,51,0,0,2,false,1295
7,4,rest,0,9.435664719,9.441803108,1295,0.000000000,12.100,51,0,0,2,false,1295
7,4,rest,0,9.447520308,9.453699038,1295,0.000000000,12.100,51,0,0,2,false,1295
7,4,rest,0,9.459628992,9.465559177,1295,0.000000000,12.100,51,0,0,2,false,1295
7,4,rest,0,9.471431737,9.477689923,1295,0.000000000,12.100,51,0,0,2,false,1295
7,4,rest,0,9.483606611,9.489632361,1295,0.000000000,12.100,51,0,0,2,false,1295
7,4,rest,0,9.495484352,9.501496383,1295,0.000000000,12.100,51,0,0,2,false,1295
7,4,rest,0,9.507607398,9.513724464,1295,0.000000000,12.100,51,0,0,2,false,1295
7,4,rest,0,9.519490279,9.525532848,1295,0.000000000,12.100,51,0,0,2,false,1295
7,4,rest,0,9.531431342,9.537660237,1295,0.000000000,12.100,51,0,0,2,false,1295
7,4,rest,0,9.543678229,9.549532638,1295,0.000000000,12.100,51,0,0,2,false,1295
7,4,rest,0,9.555641552,9.561731192,1295,0.000000000,12.100,51,0,0,2,false,1295
7,4,rest,0,9.567543308,9.573555005,1295,0.000000000,12.100,51,0,0,2,false,1295
7,4,rest,0,9.579453939,9.585603861,1295,0.000000000,12.100,51,0,0,2,false,1295
7,4,rest,0,9.591571033,9.597626955,1295,0.000000000,12.100,51,0,0,2,false,1295
7,4,rest,0,9.603466028,9.609571579,1295,0.000000000,12.100,51,0,0,2,false,1295
7,4,rest,0,9.615400049,9.621718615,1295,0.000000000,12.100,51,0,0,2,false,1295
8,4,excitation,50,9.717562338,9.723626395,1295,0.000000000,12.100,51,0,0,0,true,1295
8,4,excitation,50,9.729557171,9.735668258,1295,0.000000000,12.100,51,0,0,0,true,1295
8,4,excitation,50,9.741677191,9.747582902,1295,0.000000000,12.100,51,0,0,0,true,1295
8,4,excitation,50,9.753700575,9.759642655,1296,0.000000000,12.100,51,0,0,0,true,1296
8,4,excitation,50,9.765674541,9.771808606,1297,0.153398079,12.100,51,0,0,0,true,1297
8,4,excitation,50,9.777768086,9.783801058,1298,0.230097118,12.100,51,0,0,0,true,1298
8,4,excitation,50,9.789590748,9.795707182,1299,0.153398079,12.100,51,0,0,0,true,1299
8,4,excitation,50,9.801731363,9.807848055,1301,0.076699039,12.100,51,0,0,0,true,1301
8,4,excitation,50,9.813587091,9.819749227,1302,0.153398079,12.100,51,0,0,0,true,1302
8,4,excitation,50,9.825750834,9.831735032,1303,0.153398079,12.100,51,0,0,0,true,1303
8,4,excitation,50,9.837539986,9.843589361,1304,0.153398079,12.100,51,0,0,0,true,1304
8,4,excitation,50,9.849755518,9.855818114,1306,0.076699039,12.100,51,0,0,0,true,1306
8,4,excitation,50,9.861842151,9.867608992,1308,0.230097118,12.100,51,0,0,0,true,1308
8,4,excitation,50,9.873664448,9.879834381,1309,0.230097118,12.100,51,0,0,0,true,1309
8,4,excitation,50,9.885655226,9.891773431,1310,0.153398079,12.100,51,0,0,0,true,1310
8,4,excitation,50,9.897576511,9.903717930,1312,0.153398079,12.100,51,0,0,0,true,1312
8,4,excitation,0,9.921655375,9.927854495,1314,0.153398079,12.100,51,0,0,1,true,1314
8,4,excitation,0,9.933667452,9.939610259,1315,0.153398079,12.100,51,0,0,1,true,1315
8,4,excitation,0,9.945883228,9.952319807,1315,0.000000000,12.100,51,0,0,1,true,1315
8,4,excitation,0,9.957524700,9.963684501,1315,0.000000000,12.100,51,0,0,1,true,1315
8,4,excitation,0,9.969762686,9.975798751,1315,0.000000000,12.100,51,0,0,1,true,1315
8,4,excitation,0,9.981686196,9.987554242,1315,0.000000000,12.100,51,0,0,1,true,1315
8,4,excitation,0,9.993588358,9.999568752,1315,0.000000000,12.100,51,0,0,1,true,1315
8,4,excitation,0,10.005639491,10.011614756,1315,0.000000000,12.100,51,0,0,1,true,1315
8,4,excitation,0,10.017749041,10.023619717,1315,0.000000000,12.100,51,0,0,1,true,1315
8,4,excitation,0,10.029671486,10.035812535,1315,0.000000000,12.100,51,0,0,1,true,1315
8,4,excitation,0,10.041705166,10.047903806,1315,0.000000000,12.100,51,0,0,1,true,1315
8,4,excitation,0,10.053807146,10.059794423,1315,0.000000000,12.100,51,0,0,1,true,1315
8,4,excitation,0,10.065694657,10.071576473,1315,0.000000000,12.100,51,0,0,1,true,1315
8,4,excitation,0,10.077638880,10.083664597,1315,0.000000000,12.100,51,0,0,1,true,1315
8,4,excitation,0,10.089622607,10.095813663,1315,0.000000000,12.100,51,0,0,1,true,1315
8,4,excitation,0,10.101558966,10.107742702,1315,0.000000000,12.100,51,0,0,1,true,1315
8,4,excitation,0,10.113575654,10.119723129,1315,0.000000000,12.100,51,0,0,1,true,1315
8,4,excitation,0,10.125526486,10.131811845,1315,0.000000000,12.100,51,0,0,1,true,1315
8,4,excitation,0,10.137786247,10.143768862,1315,0.000000000,12.100,51,0,0,1,true,1315
8,4,excitation,0,10.149851762,10.155754670,1315,0.000000000,12.100,51,0,0,1,true,1315
8,4,excitation,0,10.161545602,10.167804567,1315,0.000000000,12.100,51,0,0,1,true,1315
8,4,excitation,0,10.173608953,10.179908546,1315,0.000000000,12.100,51,0,0,1,true,1315
8,4,excitation,0,10.185579222,10.191749509,1315,0.000000000,12.100,51,0,0,1,true,1315
8,4,excitation,0,10.197625700,10.203635356,1315,0.000000000,12.100,51,0,0,1,true,1315
8,4,rest,0,10.221749038,10.227544936,1315,0.000000000,12.100,51,0,0,2,true,1315
8,4,rest,0,10.233633187,10.239584783,1315,0.000000000,12.100,51,0,0,2,true,1315
8,4,rest,0,10.245516077,10.251671799,1315,0.000000000,12.100,51,0,0,2,true,1315
8,4,rest,0,10.257664092,10.263680958,1315,0.000000000,12.100,51,0,0,2,true,1315
8,4,rest,0,10.269658036,10.275453833,1315,0.000000000,12.100,51,0,0,2,true,1315
8,4,rest,0,10.281701615,10.287625095,1315,0.000000000,12.100,51,0,0,2,true,1315
8,4,rest,0,10.293458995,10.299739818,1315,0.000000000,12.100,51,0,0,2,true,1315
8,4,rest,0,10.305634581,10.311660823,1315,0.000000000,12.100,51,0,0,2,true,1315
8,4,rest,0,10.317613381,10.323675690,1315,0.000000000,12.100,51,0,0,2,true,1315
8,4,rest,0,10.329491725,10.335588083,1315,0.000000000,12.100,51,0,0,2,true,1315
8,4,rest,0,10.341635336,10.347510115,1315,0.000000000,12.100,51,0,0,2,true,1315
8,4,rest,0,10.353547240,10.359620360,1315,0.000000000,12.100,51,0,0,2,true,1315
8,4,rest,0,10.365441273,10.371655795,1315,0.000000000,12.100,51,0,0,2,true,1315
8,4,rest,0,10.377549508,10.383621155,1315,0.000000000,12.100,51,0,0,2,true,1315
8,4,rest,0,10.389657793,10.395426058,1315,0.000000000,12.100,51,0,0,2,true,1315
8,4,rest,0,10.401604210,10.407427640,1315,0.000000000,12.100,51,0,0,2,true,1315
8,4,rest,0,10.413587890,10.419677619,1315,0.000000000,12.100,51,0,0,2,true,1315
8,4,rest,0,10.425591925,10.431626706,1315,0.000000000,12.100,51,0,0,2,true,1315
8,4,rest,0,10.437545724,10.443679658,1315,0.000000000,12.100,51,0,0,2,true,1315
8,4,rest,0,10.449670595,10.455432338,1315,0.000000000,12.100,51,0,0,2,true,1315
8,4,rest,0,10.461507003,10.467519240,1315,0.000000000,12.100,51,0,0,2,true,1315
8,4,rest,0,10.473627170,10.479606923,1315,0.000000000,12.100,51,0,0,2,true,1315
8,4,rest,0,10.485551418,10.491589467,1315,0.000000000,12.100,51,0,0,2,true,1315
8,4,rest,0,10.497576687,10.503584508,1315,0.000000000,12.100,51,0,0,2,true,1315
8,4,rest,0,10.509600293,10.515663464,1315,0.000000000,12.100,51,0,0,2,true,1315
8,4,rest,0,10.521664812,10.527388703,1315,0.000000000,12.100,52,0,0,2,true,1315
8,4,rest,0,10.533500064,10.539654931,1315,0.000000000,12.100,52,0,0,2,true,1315
8,4,rest,0,10.545688504,10.551452334,1315,0.000000000,12.100,51,0,0,2,true,1315
8,4,rest,0,10.557693543,10.563395135,1315,0.000000000,12.100,51,0,0,2,true,1315
8,4,rest,0,10.569583672,10.575449000,1315,0.000000000,12.100,51,0,0,2,true,1315
8,4,rest,0,10.581488679,10.587456532,1315,0.000000000,12.100,51,0,0,2,true,1315
8,4,rest,0,10.593614431,10.599483687,1315,0.000000000,12.100,51,0,0,2,true,1315
8,4,rest,0,10.605393431,10.611444549,1315,0.000000000,12.100,51,0,0,2,true,1315
8,4,rest,0,10.617351589,10.623591166,1315,0.000000000,12.100,52,0,0,2,true,1315
8,4,rest,0,10.629444214,10.635381306,1315,0.000000000,12.100,51,0,0,2,true,1315
8,4,rest,0,10.641591449,10.647621065,1315,0.000000000,12.100,51,0,0,2,true,1315
8,4,rest,0,10.653476761,10.659499979,1315,0.000000000,12.100,52,0,0,2,true,1315
8,4,rest,0,10.665649469,10.671591148,1315,0.000000000,12.100,51,0,0,2,true,1315
8,4,rest,0,10.677376494,10.683539724,1315,0.000000000,12.100,52,0,0,2,true,1315
8,4,rest,0,10.689537296,10.695486709,1315,0.000000000,12.100,51,0,0,2,true,1315
8,4,rest,0,10.701540796,10.707393029,1315,0.000000000,12.100,52,0,0,2,true,1315
8,4,rest,0,10.713579379,10.719557772,1315,0.000000000,12.100,51,0,0,2,true,1315
8,4,rest,0,10.725360183,10.731500676,1315,0.000000000,12.100,52,0,0,2,true,1315
8,4,rest,0,10.737433726,10.743471623,1315,0.000000000,12.100,52,0,0,2,true,1315
8,4,rest,0,10.749501354,10.755594044,1315,0.000000000,12.100,52,0,0,2,true,1315
8,4,rest,0,10.761644293,10.767520334,1315,0.000000000,12.100,51,0,0,2,true,1315
8,4,rest,0,10.773379228,10.779482231,1315,0.000000000,12.100,51,0,0,2,true,1315
8,4,rest,0,10.785712283,10.791531644,1315,0.000000000,12.100,51,0,0,2,true,1315
8,4,rest,0,10.797495256,10.803568091,1315,0.000000000,12.100,52,0,0,2,true,1315
8,4,rest,0,10.809479303,10.815598979,1315,0.000000000,12.100,51,0,0,2,true,1315
9,4,excitation,50,10.905431789,10.911647153,1315,0.000000000,12.100,52,0,0,0,true,1315
9,4,excitation,50,10.917607204,10.923571664,1315,0.000000000,12.100,52,0,0,0,true,1315
9,4,excitation,50,10.929446501,10.935491609,1316,0.000000000,12.100,52,0,0,0,true,1316
9,4,excitation,50,10.941589988,10.947460534,1317,0.076699039,12.100,52,0,0,0,true,1317
9,4,excitation,50,10.953467000,10.959641133,1318,0.153398079,12.100,52,0,0,0,true,1318
9,4,excitation,50,10.965582124,10.971351637,1320,0.153398079,12.100,52,0,0,0,true,1320
9,4,excitation,50,10.977387214,10.983511938,1321,0.230097118,12.100,52,0,0,0,true,1321
9,4,excitation,50,10.989403365,10.995411679,1323,0.153398079,12.100,52,0,0,0,true,1323
9,4,excitation,50,11.001491544,11.007547038,1324,0.230097118,12.100,52,0,0,0,true,1324
9,4,excitation,50,11.013509170,11.019606316,1326,0.153398079,12.100,52,0,0,0,true,1326
9,4,excitation,50,11.025486463,11.031605383,1327,0.153398079,12.100,52,0,0,0,true,1327
9,4,excitation,50,11.037342004,11.043415808,1329,0.153398079,12.100,52,0,0,0,true,1329
9,4,excitation,50,11.049501614,11.055347267,1330,0.230097118,12.100,51,0,0,0,true,1330
9,4,excitation,50,11.061510559,11.067566473,1332,0.153398079,12.100,52,0,0,0,true,1332
9,4,excitation,50,11.073598090,11.079518778,1333,0.230097118,12.100,51,0,0,0,true,1333
9,4,excitation,50,11.085452079,11.091424035,1335,0.153398079,12.100,51,0,0,0,true,1335
9,4,excitation,0,11.115554195,11.121343873,1338,0.230097118,12.100,52,0,0,1,false,1338
9,4,excitation,0,11.127295818,11.133455416,1339,0.153398079,12.100,52,0,0,1,false,1339
9,4,excitation,0,11.139292972,11.145352803,1339,0.000000000,12.100,52,0,0,1,false,1339
9,4,excitation,0,11.151264383,11.157452608,1339,0.000000000,12.100,52,0,0,1,false,1339
9,4,excitation,0,11.163372112,11.169482999,1339,0.000000000,12.100,52,0,0,1,false,1339
9,4,excitation,0,11.175390771,11.181396778,1339,0.000000000,12.100,52,0,0,1,false,1339
9,4,excitation,0,11.187371636,11.193574964,1339,0.000000000,12.100,52,0,0,1,false,1339
9,4,excitation,0,11.199265618,11.205573439,1339,0.000000000,12.100,52,0,0,1,false,1339
9,4,excitation,0,11.211396327,11.217372692,1339,0.000000000,12.100,52,0,0,1,false,1339
9,4,excitation,0,11.223353127,11.229332898,1339,0.000000000,12.100,52,0,0,1,false,1339
9,4,excitation,0,11.235447449,11.241415231,1339,0.000000000,12.100,52,0,0,1,false,1339
9,4,excitation,0,11.247441096,11.253546146,1339,0.000000000,12.100,52,0,0,1,false,1339
9,4,excitation,0,11.259223768,11.265549258,1339,0.000000000,12.100,52,0,0,1,false,1339
9,4,excitation,0,11.271426238,11.277436216,1339,0.000000000,12.100,52,0,0,1,false,1339
9,4,excitation,0,11.283328003,11.289426981,1339,0.000000000,12.100,52,0,0,1,false,1339
9,4,excitation,0,11.295420785,11.301527258,1339,0.000000000,12.100,52,0,0,1,false,1339
9,4,excitation,0,11.307378909,11.313546281,1339,0.000000000,12.100,52,0,0,1,false,1339
9,4,excitation,0,11.319375133,11.325313556,1339,0.000000000,12.100,52,0,0,1,false,1339
9,4,excitation,0,11.331490633,11.337467475,1339,0.000000000,12.100,52,0,0,1,false,1339
9,4,excitation,0,11.343392094,11.349561573,1339,0.000000000,12.100,52,0,0,1,false,1339
9,4,excitation,0,11.355463804,11.361505164,1339,0.000000000,12.100,52,0,0,1,false,1339
9,4,excitation,0,11.367281541,11.373326387,1339,0.000000000,12.100,52,0,0,1,false,1339
9,4,excitation,0,11.379197544,11.385652547,1339,0.000000000,12.100,52,0,0,1,false,1339
9,4,excitation,0,11.391327399,11.397368280,1339,0.000000000,12.100,52,0,0,1,false,1339
9,4,rest,0,11.403440333,11.409392903,1339,0.000000000,12.100,52,0,0,2,false,1339
9,4,rest,0,11.415367980,11.421407341,1339,0.000000000,12.100,52,0,0,2,false,1339
9,4,rest,0,11.427198657,11.433576606,1339,0.000000000,12.100,52,0,0,2,false,1339
9,4,rest,0,11.439317647,11.445599633,1339,0.000000000,12.100,52,0,0,2,false,1339
9,4,rest,0,11.451506466,11.457573749,1339,0.000000000,12.100,52,0,0,2,false,1339
9,4,rest,0,11.463614004,11.469376557,1339,0.000000000,12.100,52,0,0,2,false,1339
9,4,rest,0,11.475579548,11.481455572,1339,0.000000000,12.100,52,0,0,2,false,1339
9,4,rest,0,11.487468032,11.493486739,1339,0.000000000,12.100,52,0,0,2,false,1339
9,4,rest,0,11.499273133,11.505317669,1339,0.000000000,12.100,52,0,0,2,false,1339
9,4,rest,0,11.511377872,11.517448107,1339,0.000000000,12.100,52,0,0,2,false,1339
9,4,rest,0,11.523389586,11.529431490,1339,0.000000000,12.100,52,0,0,2,false,1339
9,4,rest,0,11.535463412,11.541566006,1339,0.000000000,12.100,52,0,0,2,false,1339
9,4,rest,0,11.547264491,11.553534630,1339,0.000000000,12.100,52,0,0,2,false,1339
9,4,rest,0,11.559504556,11.565532791,1339,0.000000000,12.100,52,0,0,2,false,1339
9,4,rest,0,11.571434501,11.577359156,1339,0.000000000,12.100,52,0,0,2,false,1339
9,4,rest,0,11.583383799,11.589611739,1339,0.000000000,12.100,52,0,0,2,false,1339
9,4,rest,0,11.595309185,11.601468053,1339,0.000000000,12.100,52,0,0,2,false,1339
9,4,rest,0,11.607325681,11.613389825,1339,0.000000000,12.100,52,0,0,2,false,1339
9,4,rest,0,11.619404452,11.625316494,1339,0.000000000,12.100,52,0,0,2,false,1339
9,4,rest,0,11.631316663,11.637454532,1339,0.000000000,12.100,52,0,0,2,false,1339
9,4,rest,0,11.643229516,11.649493597,1339,0.000000000,12.100,52,0,0,2,false,1339
9,4,rest,0,11.655316026,11.661565867,1339,0.000000000,12.100,52,0,0,2,false,1339
9,4,rest,0,11.667323288,11.673463441,1339,0.000000000,12.100,52,0,0,2,false,1339
9,4,rest,0,11.679407207,11.685780331,1339,0.000000000,12.100,52,0,0,2,false,1339
9,4,rest,0,11.691383139,11.697472070,1339,0.000000000,12.100,52,0,0,2,false,1339
9,4,rest,0,11.703257158,11.709461731,1339,0.000000000,12.100,52,0,0,2,false,1339
9,4,rest,0,11.715509202,11.721384831,1339,0.000000000,12.100,52,0,0,2,false,1339
9,4,rest,0,11.727250997,11.733601471,1339,0.000000000,12.100,52,0,0,2,false,1339
9,4,rest,0,11.739182547,11.745560972,1339,0.000000000,12.100,52,0,0,2,false,1339
9,4,rest,0,11.751337662,11.757431032,1339,0.000000000,12.100,52,0,0,2,false,1339
9,4,rest,0,11.763385554,11.769376973,1339,0.000000000,12.100,52,0,0,2,false,1339
9,4,rest,0,11.775164334,11.781431405,1339,0.000000000,12.100,52,0,0,2,false,1339
9,4,rest,0,11.787215597,11.793475354,1339,0.000000000,12.100,52,0,0,2,false,1339
9,4,rest,0,11.799247831,11.805509014,1339,0.000000000,12.100,52,0,0,2,false,1339
9,4,rest,0,11.811241887,11.817400529,1339,0.000000000,12.100,52,0,0,2,false,1339
9,4,rest,0,11.823308004,11.829486152,1339,0.000000000,12.100,52,0,0,2,false,1339
9,4,rest,0,11.835438841,11.841565596,1339,0.000000000,12.100,52,0,0,2,false,1339
9,4,rest,0,11.847401136,11.853712936,1339,0.000000000,12.100,52,0,0,2,false,1339
9,4,rest,0,11.859466586,11.865710646,1339,0.000000000,12.100,52,0,0,2,false,1339
9,4,rest,0,11.871429476,11.877574981,1339,0.000000000,12.100,52,0,0,2,false,1339
9,4,rest,0,11.883441086,11.889567706,1339,0.000000000,12.100,52,0,0,2,false,1339
9,4,rest,0,11.895564572,11.901535902,1339,0.000000000,12.100,52,0,0,2,false,1339
9,4,rest,0,11.907302967,11.913560866,1339,0.000000000,12.100,52,0,0,2,false,1339
9,4,rest,0,11.919332931,11.925377991,1339,0.000000000,12.100,52,0,0,2,false,1339
9,4,rest,0,11.931403219,11.937553304,1339,0.000000000,12.100,52,0,0,2,false,1339
9,4,rest,0,11.943270458,11.949410924,1339,0.000000000,12.100,52,0,0,2,false,1339
9,4,rest,0,11.955530939,11.961448005,1339,0.000000000,12.100,52,0,0,2,false,1339
9,4,rest,0,11.967345612,11.973501596,1339,0.000000000,12.100,52,0,0,2,false,1339
9,4,rest,0,11.979214645,11.985523296,1339,0.000000000,12.100,52,0,0,2,false,1339
9,4,rest,0,11.991407880,11.997504947,1339,0.000000000,12.100,52,0,0,2,false,1339
10,4,excitation,-50,12.093479860,12.099299269,1339,0.000000000,12.100,52,0,0,0,true,1339
10,4,excitation,-50,12.105297556,12.111502366,1339,0.000000000,12.100,52,0,0,0,true,1339
10,4,excitation,-50,12.117519873,12.123326008,1337,-0.076699039,12.100,52,0,0,0,true,1337
10,4,excitation,-50,12.129585271,12.135484104,1336,-0.153398079,12.100,52,0,0,0,true,1336
10,4,excitation,-50,12.141420217,12.147505797,1335,-0.153398079,12.100,52,0,0,0,true,1335
10,4,excitation,-50,12.153405887,12.159281921,1334,-0.153398079,12.100,52,0,0,0,true,1334
10,4,excitation,-50,12.165527596,12.171344504,1333,-0.153398079,12.100,52,0,0,0,true,1333
10,4,excitation,-50,12.177476613,12.183544935,1332,-0.076699039,12.100,52,0,0,0,true,1332
10,4,excitation,-50,12.189290724,12.195479572,1330,-0.153398079,12.100,52,0,0,0,true,1330
10,4,excitation,-50,12.201357927,12.207491216,1329,-0.230097118,12.100,52,0,0,0,true,1329
10,4,excitation,-50,12.213555351,12.219518451,1327,-0.153398079,12.100,52,0,0,0,true,1327
10,4,excitation,-50,12.225394626,12.231632179,1326,-0.230097118,12.100,52,0,0,0,true,1326
10,4,excitation,-50,12.237581991,12.243571218,1325,-0.153398079,12.100,52,0,0,0,true,1325
10,4,excitation,-50,12.249349603,12.255475520,1323,-0.153398079,12.100,52,0,0,0,true,1323
10,4,excitation,-50,12.261392398,12.267427401,1322,-0.230097118,12.100,52,0,0,0,true,1322
10,4,excitation,-50,12.273483984,12.279482277,1320,-0.153398079,12.100,52,0,0,0,true,1320
10,4,excitation,0,12.297343355,12.303377419,1318,-0.153398079,12.100,52,0,0,1,true,1318
10,4,excitation,0,12.309415210,12.315493612,1317,-0.076699039,12.100,52,0,0,1,true,1317
10,4,excitation,0,12.321303341,12.327418087,1317,-0.076699039,12.100,52,0,0,1,true,1317
10,4,excitation,0,12.333486644,12.339246384,1317,0.000000000,12.100,52,0,0,1,true,1317
10,4,excitation,0,12.345294892,12.351345246,1317,0.000000000,12.100,52,0,0,1,true,1317
10,4,excitation,0,12.357405305,12.363680019,1317,0.000000000,12.100,52,0,0,1,true,1317
10,4,excitation,0,12.369558421,12.375464610,1317,0.000000000,12.100,52,0,0,1,true,1317
10,4,excitation,0,12.381362451,12.387346512,1317,0.000000000,12.100,52,0,0,1,true,1317
10,4,excitation,0,12.393320429,12.399493155,1317,0.000000000,12.100,52,0,0,1,true,1317
10,4,excitation,0,12.405353970,12.411255787,1317,0.000000000,12.100,52,0,0,1,true,1317
10,4,excitation,0,12.417423098,12.423536360,1317,0.000000000,12.100,52,0,0,1,true,1317
10,4,excitation,0,12.429336265,12.435385730,1317,0.000000000,12.100,52,0,0,1,true,1317
10,4,excitation,0,12.441429709,12.447551763,1317,0.000000000,12.100,52,0,0,1,true,1317
10,4,excitation,0,12.453212028,12.459479574,1317,0.000000000,12.100,52,0,0,1,true,1317
10,4,excitation,0,12.465418819,12.471169380,1317,0.000000000,12.100,52,0,0,1,true,1317
10,4,excitation,0,12.477272285,12.483422292,1317,0.000000000,12.100,52,0,0,1,true,1317
10,4,excitation,0,12.489260562,12.495509945,1317,0.000000000,12.100,52,0,0,1,true,1317
10,4,excitation,0,12.501178152,12.507347904,1317,0.000000000,12.100,52,0,0,1,true,1317
10,4,excitation,0,12.513227765,12.519294386,1317,0.000000000,12.100,52,0,0,1,true,1317
10,4,excitation,0,12.525377940,12.531487409,1317,0.000000000,12.100,52,0,0,1,true,1317
10,4,excitation,0,12.537204860,12.543477191,1317,0.000000000,12.100,52,0,0,1,true,1317
10,4,excitation,0,12.549306080,12.555464981,1317,0.000000000,12.100,52,0,0,1,true,1317
10,4,excitation,0,12.561266144,12.567296456,1317,0.000000000,12.100,52,0,0,1,true,1317
10,4,excitation,0,12.573432153,12.579284344,1317,0.000000000,12.100,52,0,0,1,true,1317
10,4,excitation,0,12.585339862,12.591379317,1317,0.000000000,12.100,52,0,0,1,true,1317
10,4,rest,0,12.603375145,12.609484650,1317,0.000000000,12.100,52,0,0,2,true,1317
10,4,rest,0,12.615296527,12.621516137,1317,0.000000000,12.100,52,0,0,2,true,1317
10,4,rest,0,12.627228412,12.633273805,1317,0.000000000,12.100,52,0,0,2,true,1317
10,4,rest,0,12.639256800,12.645264184,1317,0.000000000,12.100,52,0,0,2,true,1317
10,4,rest,0,12.651217465,12.657403998,1317,0.000000000,12.100,52,0,0,2,true,1317
10,4,rest,0,12.663516969,12.669456467,1317,0.000000000,12.100,52,0,0,2,true,1317
10,4,rest,0,12.675446998,12.681241690,1317,0.000000000,12.100,52,0,0,2,true,1317
10,4,rest,0,12.687324926,12.693454860,1317,0.000000000,12.100,52,0,0,2,true,1317
10,4,rest,0,12.699362584,12.705323745,1317,0.000000000,12.100,52,0,0,2,true,1317
10,4,rest,0,12.711300367,12.717472958,1317,0.000000000,12.100,52,0,0,2,true,1317
10,4,rest,0,12.723381457,12.729461002,1317,0.000000000,12.100,52,0,0,2,true,1317
10,4,rest,0,12.735313615,12.741277435,1317,0.000000000,12.100,52,0,0,2,true,1317
10,4,rest,0,12.747385052,12.753368824,1317,0.000000000,12.100,52,0,0,2,true,1317
10,4,rest,0,12.759404460,12.765354612,1317,0.000000000,12.100,52,0,0,2,true,1317
10,4,rest,0,12.771379659,12.777267756,1317,0.000000000,12.100,52,0,0,2,true,1317
10,4,rest,0,12.783320932,12.789466988,1317,0.000000000,12.100,52,0,0,2,true,1317
10,4,rest,0,12.795525330,12.801287924,1317,0.000000000,12.100,52,0,0,2,true,1317
10,4,rest,0,12.807372618,12.813308222,1317,0.000000000,12.100,52,0,0,2,true,1317
10,4,rest,0,12.819557826,12.825506912,1317,0.000000000,12.100,52,0,0,2,true,1317
10,4,rest,0,12.831620912,12.837278652,1317,0.000000000,12.100,52,0,0,2,true,1317
10,4,rest,0,12.843375949,12.849355572,1317,0.000000000,12.100,52,0,0,2,true,1317
10,4,rest,0,12.855381950,12.861359179,1317,0.000000000,12.100,52,0,0,2,true,1317
10,4,rest,0,12.867289633,12.873509364,1317,0.000000000,12.100,52,0,0,2,true,1317
10,4,rest,0,12.879346185,12.885547764,1317,0.000000000,12.100,52,0,0,2,true,1317
10,4,rest,0,12.891449389,12.897497578,1317,0.000000000,12.100,52,0,0,2,true,1317
10,4,rest,0,12.903496813,12.909561693,1317,0.000000000,12.100,52,0,0,2,true,1317
10,4,rest,0,12.915394339,12.921390089,1317,0.000000000,12.100,52,0,0,2,true,1317
10,4,rest,0,12.927363202,12.933548732,1317,0.000000000,12.100,52,0,0,2,true,1317
10,4,rest,0,12.939390955,12.945350034,1317,0.000000000,12.100,52,0,0,2,true,1317
10,4,rest,0,12.951320334,12.957330419,1317,0.000000000,12.100,52,0,0,2,true,1317
10,4,rest,0,12.963402552,12.969330623,1317,0.000000000,12.100,52,0,0,2,true,1317
10,4,rest,0,12.975381135,12.981370451,1317,0.000000000,12.100,52,0,0,2,true,1317
10,4,rest,0,12.987391442,12.993283075,1317,0.000000000,12.100,52,0,0,2,true,1317
10,4,rest,0,12.999320298,13.005318999,1317,0.000000000,12.100,52,0,0,2,true,1317
10,4,rest,0,13.011288934,13.017380971,1317,0.000000000,12.100,52,0,0,2,true,1317
10,4,rest,0,13.023346422,13.029491512,1317,0.000000000,12.100,52,0,0,2,true,1317
10,4,rest,0,13.035211666,13.041277285,1317,0.000000000,12.100,52,0,0,2,true,1317
10,4,rest,0,13.047526242,13.053470548,1317,0.000000000,12.100,52,0,0,2,true,1317
10,4,rest,0,13.059461136,13.065679558,1317,0.000000000,12.100,52,0,0,2,true,1317
10,4,rest,0,13.071508037,13.077408178,1317,0.000000000,12.100,52,0,0,2,true,1317
10,4,rest,0,13.083352723,13.089306130,1317,0.000000000,12.100,52,0,0,2,true,1317
10,4,rest,0,13.095370199,13.101354522,1317,0.000000000,12.100,52,0,0,2,true,1317
10,4,rest,0,13.107324730,13.113507281,1317,0.000000000,12.100,52,0,0,2,true,1317
10,4,rest,0,13.119445027,13.125396347,1317,0.000000000,12.100,52,0,0,2,true,1317
10,4,rest,0,13.131495439,13.137402800,1317,0.000000000,12.100,52,0,0,2,true,1317
10,4,rest,0,13.143197357,13.149457562,1317,0.000000000,12.100,52,0,0,2,true,1317
10,4,rest,0,13.155175522,13.161241590,1317,0.000000000,12.100,52,0,0,2,true,1317
10,4,rest,0,13.167424316,13.173222498,1317,0.000000000,12.100,52,0,0,2,true,1317
10,4,rest,0,13.179392201,13.185414465,1317,0.000000000,12.100,52,0,0,2,true,1317
10,4,rest,0,13.191406786,13.197358010,1317,0.000000000,12.100,52,0,0,2,true,1317
11,4,excitation,-50,13.287348433,13.293319096,1317,0.000000000,12.100,52,0,0,0,true,1317
11,4,excitation,-50,13.299555624,13.305449797,1316,-0.153398079,12.100,52,0,0,0,true,1316
11,4,excitation,-50,13.311517458,13.317258207,1316,0.000000000,12.100,52,0,0,0,true,1316
11,4,excitation,-50,13.323340419,13.329435681,1315,0.000000000,12.100,52,0,0,0,true,1315
11,4,excitation,-50,13.335329553,13.341383955,1314,-0.153398079,12.100,52,0,0,0,true,1314
11,4,excitation,-50,13.347446708,13.353523393,1313,-0.153398079,12.100,52,0,0,0,true,1313
11,4,excitation,-50,13.359328628,13.365315625,1312,-0.230097118,12.100,52,0,0,0,true,1312
11,4,excitation,-50,13.371389979,13.377270266,1310,-0.153398079,12.100,52,0,0,0,true,1310
11,4,excitation,-50,13.383427228,13.389293842,1309,-0.230097118,12.100,52,0,0,0,true,1309
11,4,excitation,-50,13.395427705,13.401357203,1307,-0.153398079,12.100,52,0,0,0,true,1307
11,4,excitation,-50,13.407430978,13.413422943,1306,-0.230097118,12.100,52,0,0,0,true,1306
11,4,excitation,-50,13.419345263,13.425261154,1304,-0.230097118,12.100,52,0,0,0,true,1304
11,4,excitation,-50,13.431510181,13.437226535,1303,-0.153398079,12.100,52,0,0,0,true,1303
11,4,excitation,-50,13.443300436,13.449195313,1301,-0.230097118,12.100,52,0,0,0,true,1301
11,4,excitation,-50,13.455344298,13.461423258,1300,-0.153398079,12.100,52,0,0,0,true,1300
11,4,excitation,-50,13.467236105,13.473487758,1298,-0.230097118,12.100,52,0,0,0,true,1298
11,4,excitation,0,13.497295593,13.503248798,1295,-0.230097118,12.100,52,0,0,1,false,1295
11,4,excitation,0,13.509114932,13.515338189,1294,-0.153398079,12.100,52,0,0,1,false,1294
11,4,excitation,0,13.521248852,13.527174938,1294,-0.153398079,12.100,52,0,0,1,false,1294
11,4,excitation,0,13.533216717,13.539449715,1294,0.000000000,12.100,52,0,0,1,false,1294
11,4,excitation,0,13.545119205,13.551301674,1294,0.000000000,12.100,52,0,0,1,false,1294
11,4,excitation,0,13.557513388,13.563432948,1294,0.000000000,12.100,52,0,0,1,false,1294
11,4,excitation,0,13.569125311,13.575423268,1294,0.000000000,12.100,52,0,0,1,false,1294
11,4,excitation,0,13.581199897,13.587300403,1294,0.000000000,12.100,52,0,0,1,false,1294
11,4,excitation,0,13.593276819,13.599210155,1294,0.000000000,12.100,52,0,0,1,false,1294
11,4,excitation,0,13.605183520,13.611305445,1294,0.000000000,12.100,52,0,0,1,false,1294
11,4,excitation,0,13.617322093,13.623213665,1294,0.000000000,12.100,52,0,0,1,false,1294
11,4,excitation,0,13.629207462,13.635285631,1294,0.000000000,12.100,52,0,0,1,false,1294
11,4,excitation,0,13.641438753,13.647275675,1294,0.000000000,12.100,52,0,0,1,false,1294
11,4,excitation,0,13.653349676,13.659427585,1294,0.000000000,12.100,52,0,0,1,false,1294
11,4,excitation,0,13.665073510,13.671212258,1294,0.000000000,12.100,52,0,0,1,false,1294
11,4,excitation,0,13.677264365,13.683427824,1294,0.000000000,12.100,52,0,0,1,false,1294
11,4,excitation,0,13.689096628,13.695479752,1294,0.000000000,12.100,52,0,0,1,false,1294
11,4,excitation,0,13.701248847,13.707448489,1294,0.000000000,12.100,52,0,0,1,false,1294
11,4,excitation,0,13.713059892,13.719429261,1294,0.000000000,12.100,52,0,0,1,false,1294
11,4,excitation,0,13.725113186,13.731754107,1294,0.000000000,12.100,52,0,0,1,false,1294
11,4,excitation,0,13.737169997,13.743288293,1294,0.000000000,12.100,52,0,0,1,false,1294
11,4,excitation,0,13.749339657,13.755341555,1294,0.000000000,12.100,52,0,0,1,false,1294
11,4,excitation,0,13.761333270,13.767475102,1294,0.000000000,12.100,52,0,0,1,false,1294
11,4,excitation,0,13.773313917,13.779375189,1294,0.000000000,12.100,52,0,0,1,false,1294
11,4,rest,0,13.785296398,13.791336178,1294,0.000000000,12.100,52,0,0,2,false,1294
11,4,rest,0,13.797349892,13.803373024,1294,0.000000000,12.100,52,0,0,2,false,1294
11,4,rest,0,13.809190875,13.815284030,1294,0.000000000,12.100,52,0,0,2,false,1294
11,4,rest,0,13.821256561,13.827440567,1294,0.000000000,12.100,52,0,0,2,false,1294
11,4,rest,0,13.833177387,13.839331534,1294,0.000000000,12.100,52,0,0,2,false,1294
11,4,rest,0,13.845083837,13.851384687,1294,0.000000000,12.100,52,0,0,2,false,1294
11,4,rest,0,13.857117553,13.863488734,1294,0.000000000,12.100,52,0,0,2,false,1294
11,4,rest,0,13.869159837,13.875322736,1294,0.000000000,12.100,52,0,0,2,false,1294
11,4,rest,0,13.881327033,13.887363243,1294,0.000000000,12.100,52,0,0,2,false,1294
11,4,rest,0,13.893238887,13.899419910,1294,0.000000000,12.100,52,0,0,2,false,1294
11,4,rest,0,13.905046612,13.911323611,1294,0.000000000,12.100,52,0,0,2,false,1294
11,4,rest,0,13.917240040,13.923137681,1294,0.000000000,12.100,52,0,0,2,false,1294
11,4,rest,0,13.929251480,13.935354165,1294,0.000000000,12.100,52,0,0,2,false,1294
11,4,rest,0,13.941329156,13.947273453,1294,0.000000000,12.100,52,0,0,2,false,1294
11,4,rest,0,13.953150100,13.959273461,1294,0.000000000,12.100,52,0,0,2,false,1294
11,4,rest,0,13.965310009,13.971163625,1294,0.000000000,12.100,52,0,0,2,false,1294
11,4,rest,0,13.977283606,13.983356698,1294,0.000000000,12.100,52,0,0,2,false,1294
11,4,rest,0,13.989066128,13.995452059,1294,0.000000000,12.100,52,0,0,2,false,1294
11,4,rest,0,14.001298802,14.007318082,1294,0.000000000,12.100,52,0,0,2,false,1294
11,4,rest,0,14.013147336,14.019356177,1294,0.000000000,12.100,52,0,0,2,false,1294
11,4,rest,0,14.025294335,14.031455938,1294,0.000000000,12.100,52,0,0,2,false,1294
11,4,rest,0,14.037069814,14.043159567,1294,0.000000000,12.100,52,0,0,2,false,1294
11,4,rest,0,14.049114784,14.055305403,1294,0.000000000,12.100,52,0,0,2,false,1294
11,4,rest,0,14.061090255,14.067408408,1294,0.000000000,12.100,52,0,0,2,false,1294
11,4,rest,0,14.073143610,14.079259053,1294,0.000000000,12.100,52,0,0,2,false,1294
11,4,rest,0,14.085209745,14.091127161,1294,0.000000000,12.100,52,0,0,2,false,1294
11,4,rest,0,14.097255246,14.103182988,1294,0.000000000,12.100,52,0,0,2,false,1294
11,4,rest,0,14.109260325,14.115400851,1294,0.000000000,12.100,52,0,0,2,false,1294
11,4,rest,0,14.121183048,14.127300216,1294,0.000000000,12.100,52,0,0,2,false,1294
11,4,rest,0,14.133200961,14.139266781,1294,0.000000000,12.100,52,0,0,2,false,1294
11,4,rest,0,14.145181450,14.151607433,1294,0.000000000,12.100,52,0,0,2,false,1294
11,4,rest,0,14.157273235,14.163159143,1294,0.000000000,12.100,52,0,0,2,false,1294
11,4,rest,0,14.169244162,14.175471381,1294,0.000000000,12.100,52,0,0,2,false,1294
11,4,rest,0,14.181116941,14.187328223,1294,0.000000000,12.100,52,0,0,2,false,1294
11,4,rest,0,14.193182806,14.199257149,1294,0.000000000,12.100,52,0,0,2,false,1294
11,4,rest,0,14.205309851,14.211171094,1294,0.000000000,12.100,52,0,0,2,false,1294
11,4,rest,0,14.217083754,14.223291783,1294,0.000000000,12.100,52,0,0,2,false,1294
11,4,rest,0,14.229422881,14.235349060,1294,0.000000000,12.100,52,0,0,2,false,1294
11,4,rest,0,14.241008826,14.247306707,1294,0.000000000,12.100,52,0,0,2,false,1294
11,4,rest,0,14.253163660,14.259192925,1294,0.000000000,12.100,52,0,0,2,false,1294
11,4,rest,0,14.265281045,14.271209607,1294,0.000000000,12.100,52,0,0,2,false,1294
11,4,rest,0,14.277180128,14.283339528,1294,0.000000000,12.100,52,0,0,2,false,1294
11,4,rest,0,14.289107483,14.295319270,1294,0.000000000,12.100,52,0,0,2,false,1294
11,4,rest,0,14.301109207,14.307301498,1294,0.000000000,12.100,52,0,0,2,false,1294
11,4,rest,0,14.313179999,14.319404710,1294,0.000000000,12.100,52,0,0,2,false,1294
11,4,rest,0,14.325321028,14.331358052,1294,0.000000000,12.100,52,0,0,2,false,1294
11,4,rest,0,14.337192552,14.343364485,1294,0.000000000,12.100,52,0,0,2,false,1294
11,4,rest,0,14.349128876,14.355349276,1294,0.000000000,12.100,52,0,0,2,false,1294
11,4,rest,0,14.361110822,14.367258936,1294,0.000000000,12.100,52,0,0,2,false,1294
11,4,rest,0,14.373100713,14.379567857,1294,0.000000000,12.100,52,0,0,2,false,1294
