id,request_s,completion_s,position_raw,position_rad,speed_raw,speed_rad_s,load_raw,voltage_raw,voltage_v,temperature_c,status,moving,current_raw,current_a_uncalibrated
4,0.000114994,0.007102384,2030,3.113980999,0,0.000000000,0,121,12.100,49,0,0,0,0.000000
5,0.007319683,0.013100043,2204,3.380893656,0,0.000000000,0,123,12.300,48,0,0,0,0.000000
6,0.013309453,0.018993237,1890,2.899223689,0,0.000000000,0,121,12.100,48,0,0,0,0.000000
7,0.019208998,0.025174485,2124,3.258175193,0,0.000000000,0,122,12.200,48,0,0,0,0.000000
8,0.025386992,0.030907187,2311,3.545029601,0,0.000000000,0,123,12.300,47,0,0,27,0.027000
9,0.031122693,0.037090103,2445,3.750583026,0,0.000000000,0,123,12.300,48,0,0,24,0.024000
10,0.037307483,0.043009170,2288,3.509748043,0,0.000000000,0,122,12.200,49,0,0,0,0.000000
11,0.043220483,0.049146465,2403,3.686155833,0,0.000000000,0,124,12.400,48,0,0,29,0.029000
12,0.049366668,0.054912676,2277,3.492874254,0,0.000000000,0,122,12.200,47,0,0,0,0.000000
4,0.055126413,0.060987203,2030,3.113980999,0,0.000000000,0,121,12.100,49,0,0,0,0.000000
5,0.061197720,0.067002401,2204,3.380893656,0,0.000000000,0,123,12.300,48,0,0,0,0.000000
6,0.067214070,0.072936726,1890,2.899223689,0,0.000000000,0,121,12.100,48,0,0,0,0.000000
7,0.073145804,0.078949538,2124,3.258175193,0,0.000000000,0,122,12.200,48,0,0,0,0.000000
8,0.079159763,0.084985740,2311,3.545029601,0,0.000000000,0,123,12.300,47,0,0,26,0.026000
9,0.085200223,0.097015428,2445,3.750583026,0,0.000000000,0,123,12.300,48,0,0,24,0.024000
10,0.097231627,0.102897281,2288,3.509748043,0,0.000000000,0,122,12.200,49,0,0,0,0.000000
11,0.103105207,0.109009748,2403,3.686155833,0,0.000000000,0,124,12.400,48,0,0,21,0.021000
12,0.109214925,0.114820392,2277,3.492874254,0,0.000000000,0,122,12.200,47,0,0,0,0.000000
4,0.115022150,0.120949527,2030,3.113980999,0,0.000000000,0,121,12.100,49,0,0,0,0.000000
5,0.121149397,0.126822143,2204,3.380893656,0,0.000000000,0,123,12.300,48,0,0,0,0.000000
6,0.127025620,0.132820977,1890,2.899223689,0,0.000000000,0,121,12.100,48,0,0,1,0.001000
7,0.133023643,0.139001226,2124,3.258175193,0,0.000000000,0,122,12.200,48,0,0,0,0.000000
8,0.139200608,0.145023428,2311,3.545029601,0,0.000000000,0,123,12.300,47,0,0,26,0.026000
9,0.145229262,0.150972448,2445,3.750583026,0,0.000000000,0,123,12.300,48,0,0,23,0.023000
10,0.151181670,0.156989302,2288,3.509748043,0,0.000000000,0,122,12.200,49,0,0,0,0.000000
11,0.157188965,0.163109710,2403,3.686155833,0,0.000000000,0,124,12.400,48,0,0,21,0.021000
12,0.163316141,0.168936272,2277,3.492874254,0,0.000000000,0,122,12.200,47,0,0,0,0.000000
4,0.169136553,0.174888280,2030,3.113980999,0,0.000000000,0,122,12.200,49,0,0,0,0.000000
5,0.175082265,0.180952622,2204,3.380893656,0,0.000000000,0,123,12.300,48,0,0,0,0.000000
6,0.181155167,0.186916570,1890,2.899223689,0,0.000000000,0,121,12.100,48,0,0,1,0.001000
7,0.187123754,0.193124024,2124,3.258175193,0,0.000000000,0,122,12.200,48,0,0,0,0.000000
8,0.193315106,0.198834676,2311,3.545029601,0,0.000000000,0,123,12.300,47,0,0,26,0.026000
9,0.199033117,0.204964308,2445,3.750583026,0,0.000000000,0,123,12.300,48,0,0,27,0.027000
10,0.205166655,0.210964505,2288,3.509748043,0,0.000000000,0,122,12.200,48,0,0,0,0.000000
11,0.211158938,0.217098297,2403,3.686155833,0,0.000000000,0,124,12.400,48,0,0,22,0.022000
12,0.217297470,0.223172942,2277,3.492874254,0,0.000000000,0,122,12.200,47,0,0,0,0.000000
4,0.223373295,0.229019815,2030,3.113980999,0,0.000000000,0,122,12.200,49,0,0,0,0.000000
5,0.229216879,0.234875862,2204,3.380893656,0,0.000000000,0,123,12.300,48,0,0,0,0.000000
6,0.235075963,0.246887555,1890,2.899223689,0,0.000000000,0,121,12.100,48,0,0,0,0.000000
7,0.247090477,0.252905560,2124,3.258175193,0,0.000000000,0,122,12.200,48,0,0,0,0.000000
8,0.253106346,0.259797552,2311,3.545029601,0,0.000000000,0,123,12.300,47,0,0,30,0.030000
9,0.260164549,0.264929135,2445,3.750583026,0,0.000000000,0,123,12.300,48,0,0,24,0.024000
10,0.265126623,0.270925163,2288,3.509748043,0,0.000000000,0,122,12.200,49,0,0,0,0.000000
11,0.271119811,0.276961012,2403,3.686155833,0,0.000000000,0,124,12.400,48,0,0,21,0.021000
12,0.277159666,0.283121083,2277,3.492874254,0,0.000000000,0,122,12.200,47,0,0,0,0.000000
4,0.283358398,0.289156405,2030,3.113980999,0,0.000000000,0,122,12.200,49,0,0,0,0.000000
5,0.289383652,0.295228591,2204,3.380893656,0,0.000000000,0,123,12.300,48,0,0,0,0.000000
6,0.295458122,0.300934291,1890,2.899223689,0,0.000000000,0,121,12.100,48,0,0,0,0.000000
7,0.301159745,0.306903163,2124,3.258175193,0,0.000000000,0,122,12.200,48,0,0,0,0.000000
8,0.307129887,0.313086032,2311,3.545029601,0,0.000000000,0,123,12.300,47,0,0,26,0.026000
9,0.313318176,0.319053197,2445,3.750583026,0,0.000000000,0,123,12.300,48,0,0,23,0.023000
10,0.319258661,0.325117899,2288,3.509748043,0,0.000000000,0,122,12.200,49,0,0,0,0.000000
11,0.325344720,0.330919468,2403,3.686155833,0,0.000000000,0,124,12.400,48,0,0,21,0.021000
12,0.331149835,0.337005107,2277,3.492874254,0,0.000000000,0,122,12.200,47,0,0,0,0.000000
4,0.337209008,0.342799271,2030,3.113980999,0,0.000000000,0,122,12.200,49,0,0,0,0.000000
5,0.342999510,0.348836478,2204,3.380893656,0,0.000000000,0,123,12.300,48,0,0,0,0.000000
6,0.349035516,0.354834022,1890,2.899223689,0,0.000000000,0,121,12.100,48,0,0,0,0.000000
7,0.355038307,0.361018517,2124,3.258175193,0,0.000000000,0,122,12.200,48,0,0,0,0.000000
8,0.361219945,0.367105839,2311,3.545029601,0,0.000000000,0,123,12.300,47,0,0,27,0.027000
9,0.367311990,0.373093078,2445,3.750583026,0,0.000000000,0,123,12.300,48,0,0,24,0.024000
10,0.373299695,0.378815526,2288,3.509748043,0,0.000000000,0,122,12.200,49,0,0,0,0.000000
11,0.379016283,0.384904672,2403,3.686155833,0,0.000000000,0,124,12.400,48,0,0,22,0.022000
12,0.385109038,0.397033642,2277,3.492874254,0,0.000000000,0,122,12.200,47,0,0,0,0.000000
4,0.397235662,0.402973372,2030,3.113980999,0,0.000000000,0,121,12.100,49,0,0,0,0.000000
5,0.403174306,0.408969749,2204,3.380893656,0,0.000000000,0,123,12.300,48,0,0,0,0.000000
6,0.409165266,0.415007221,1890,2.899223689,0,0.000000000,0,121,12.100,48,0,0,3,0.003000
7,0.415212430,0.420994422,2124,3.258175193,0,0.000000000,0,122,12.200,48,0,0,0,0.000000
8,0.421196177,0.426950207,2311,3.545029601,0,0.000000000,0,123,12.300,47,0,0,27,0.027000
9,0.427157558,0.432836343,2445,3.750583026,0,0.000000000,0,123,12.300,48,0,0,24,0.024000
10,0.433045833,0.438858888,2288,3.509748043,0,0.000000000,0,122,12.200,49,0,0,0,0.000000
11,0.439060140,0.444999167,2403,3.686155833,0,0.000000000,0,124,12.400,48,0,0,22,0.022000
12,0.445210107,0.450907360,2277,3.492874254,0,0.000000000,0,122,12.200,47,0,0,0,0.000000
4,0.451108322,0.456946070,2030,3.113980999,0,0.000000000,0,122,12.200,49,0,0,0,0.000000
5,0.457142816,0.462889072,2204,3.380893656,0,0.000000000,0,123,12.300,48,0,0,0,0.000000
6,0.463088776,0.469093547,1890,2.899223689,0,0.000000000,0,121,12.100,48,0,0,1,0.001000
7,0.469292484,0.474819054,2124,3.258175193,0,0.000000000,0,122,12.200,48,0,0,0,0.000000
8,0.475016142,0.480932538,2311,3.545029601,0,0.000000000,0,123,12.300,47,0,0,27,0.027000
9,0.481138234,0.486843217,2445,3.750583026,0,0.000000000,0,123,12.300,48,0,0,23,0.023000
10,0.487045309,0.493024217,2288,3.509748043,0,0.000000000,0,122,12.200,49,0,0,0,0.000000
11,0.493222978,0.498836047,2403,3.686155833,0,0.000000000,0,124,12.400,48,0,0,22,0.022000
12,0.499041609,0.504952704,2277,3.492874254,0,0.000000000,0,122,12.200,47,0,0,0,0.000000
4,0.505155390,0.510879427,2030,3.113980999,0,0.000000000,0,122,12.200,49,0,0,0,0.000000
5,0.511106374,0.516919690,2204,3.380893656,0,0.000000000,0,123,12.300,48,0,0,0,0.000000
6,0.517123538,0.522910892,1890,2.899223689,0,0.000000000,0,121,12.100,48,0,0,0,0.000000
7,0.523138684,0.528980552,2124,3.258175193,0,0.000000000,0,122,12.200,48,0,0,0,0.000000
8,0.529203862,0.534851312,2311,3.545029601,0,0.000000000,0,123,12.300,47,0,0,26,0.026000
9,0.535059955,0.546844103,2445,3.750583026,0,0.000000000,0,123,12.300,48,0,0,24,0.024000
10,0.547051403,0.553029313,2288,3.509748043,0,0.000000000,0,122,12.200,49,0,0,0,0.000000
11,0.553229605,0.558819220,2403,3.686155833,0,0.000000000,0,124,12.400,48,0,0,21,0.021000
12,0.559026107,0.564842544,2277,3.492874254,0,0.000000000,0,122,12.200,47,0,0,0,0.000000
4,0.565104011,0.571030585,2030,3.113980999,0,0.000000000,0,122,12.200,49,0,0,0,0.000000
5,0.571290043,0.576989824,2204,3.380893656,0,0.000000000,0,123,12.300,48,0,0,0,0.000000
6,0.577190175,0.582989358,1890,2.899223689,0,0.000000000,0,121,12.100,48,0,0,0,0.000000
7,0.583189579,0.589212573,2124,3.258175193,0,0.000000000,0,122,12.200,48,0,0,0,0.000000
8,0.589412494,0.595152495,2311,3.545029601,0,0.000000000,0,123,12.300,47,0,0,27,0.027000
9,0.595361327,0.600980032,2445,3.750583026,0,0.000000000,0,123,12.300,48,0,0,23,0.023000
10,0.601187330,0.606818537,2288,3.509748043,0,0.000000000,0,122,12.200,49,0,0,0,0.000000
11,0.607019242,0.613031063,2403,3.686155833,0,0.000000000,0,124,12.400,48,0,0,21,0.021000
12,0.613238634,0.618882712,2277,3.492874254,0,0.000000000,0,122,12.200,47,0,0,0,0.000000
4,0.619083937,0.624961629,2030,3.113980999,0,0.000000000,0,122,12.200,49,0,0,0,0.000000
5,0.625165021,0.631037795,2204,3.380893656,0,0.000000000,0,123,12.300,48,0,0,0,0.000000
6,0.631241460,0.637010984,1890,2.899223689,0,0.000000000,0,121,12.100,48,0,0,0,0.000000
7,0.637212180,0.643038441,2124,3.258175193,0,0.000000000,0,122,12.200,48,0,0,0,0.000000
8,0.643240220,0.649033763,2311,3.545029601,0,0.000000000,0,123,12.300,47,0,0,26,0.026000
9,0.649244868,0.654977954,2445,3.750583026,0,0.000000000,0,123,12.300,48,0,0,24,0.024000
10,0.655184851,0.660836106,2288,3.509748043,0,0.000000000,0,122,12.200,49,0,0,0,0.000000
11,0.661038115,0.666865248,2403,3.686155833,0,0.000000000,0,124,12.400,48,0,0,23,0.023000
12,0.667075730,0.672853791,2277,3.492874254,0,0.000000000,0,122,12.200,47,0,0,0,0.000000
4,0.673055021,0.678778206,2030,3.113980999,0,0.000000000,0,122,12.200,49,0,0,0,0.000000
5,0.679024465,0.684834144,2204,3.380893656,0,0.000000000,0,123,12.300,48,0,0,0,0.000000
6,0.685036112,0.696925171,1890,2.899223689,0,0.000000000,0,121,12.100,48,0,0,6,0.006000
7,0.697136660,0.702796187,2124,3.258175193,0,0.000000000,0,122,12.200,48,0,0,0,0.000000
8,0.702995518,0.709452397,2311,3.545029601,0,0.000000000,0,123,12.300,47,0,0,26,0.026000
9,0.709661161,0.714809433,2445,3.750583026,0,0.000000000,0,123,12.300,48,0,0,24,0.024000
10,0.715017851,0.720762307,2288,3.509748043,0,0.000000000,0,122,12.200,49,0,0,0,0.000000
11,0.720964825,0.726970027,2403,3.686155833,0,0.000000000,0,124,12.400,48,0,0,22,0.022000
12,0.727171473,0.733109206,2277,3.492874254,0,0.000000000,0,122,12.200,47,0,0,0,0.000000
4,0.733310699,0.738998998,2030,3.113980999,0,0.000000000,0,122,12.200,49,0,0,0,0.000000
5,0.739200813,0.744806832,2204,3.380893656,0,0.000000000,0,123,12.300,48,0,0,0,0.000000
6,0.745003323,0.750909206,1890,2.899223689,0,0.000000000,0,121,12.100,48,0,0,6,0.006000
7,0.751108381,0.756844821,2124,3.258175193,0,0.000000000,0,122,12.200,48,0,0,0,0.000000
8,0.757039561,0.762949890,2311,3.545029601,0,0.000000000,0,123,12.300,47,0,0,26,0.026000
9,0.763150229,0.769091570,2445,3.750583026,0,0.000000000,0,123,12.300,48,0,0,24,0.024000
10,0.769378591,0.774789300,2288,3.509748043,0,0.000000000,0,122,12.200,49,0,0,0,0.000000
11,0.774984416,0.780965049,2403,3.686155833,0,0.000000000,0,124,12.400,48,0,0,22,0.022000
12,0.781168066,0.786802906,2277,3.492874254,0,0.000000000,0,122,12.200,47,0,0,0,0.000000
4,0.786998100,0.792847333,2030,3.113980999,0,0.000000000,0,122,12.200,49,0,0,0,0.000000
5,0.793043909,0.798746298,2204,3.380893656,0,0.000000000,0,123,12.300,48,0,0,0,0.000000
6,0.798992080,0.804954396,1890,2.899223689,0,0.000000000,0,121,12.100,48,0,0,0,0.000000
7,0.805149705,0.810985205,2124,3.258175193,0,0.000000000,0,122,12.200,48,0,0,0,0.000000
8,0.811177661,0.816908218,2311,3.545029601,0,0.000000000,0,123,12.300,47,0,0,26,0.026000
9,0.817109550,0.822982667,2445,3.750583026,0,0.000000000,0,123,12.300,48,0,0,26,0.026000
10,0.823181028,0.829025848,2288,3.509748043,0,0.000000000,0,122,12.200,48,0,0,0,0.000000
11,0.829222238,0.834765391,2403,3.686155833,0,0.000000000,0,124,12.400,48,0,0,21,0.021000
12,0.834968913,0.846940699,2277,3.492874254,0,0.000000000,0,122,12.200,47,0,0,0,0.000000
4,0.847142818,0.852840365,2030,3.113980999,0,0.000000000,0,122,12.200,49,0,0,0,0.000000
5,0.853038524,0.858861360,2204,3.380893656,0,0.000000000,0,123,12.300,48,0,0,0,0.000000
6,0.859075859,0.864866221,1890,2.899223689,0,0.000000000,0,121,12.100,48,0,0,0,0.000000
7,0.865069893,0.871017411,2124,3.258175193,0,0.000000000,0,122,12.200,48,0,0,0,0.000000
8,0.871212996,0.876766774,2311,3.545029601,0,0.000000000,0,123,12.300,47,0,0,27,0.027000
9,0.876968088,0.882896206,2445,3.750583026,0,0.000000000,0,123,12.300,48,0,0,24,0.024000
10,0.883101397,0.888743386,2288,3.509748043,0,0.000000000,0,122,12.200,48,0,0,0,0.000000
11,0.888941352,0.894912061,2403,3.686155833,0,0.000000000,0,124,12.400,48,0,0,21,0.021000
12,0.895118105,0.900924583,2277,3.492874254,0,0.000000000,0,122,12.200,47,0,0,0,0.000000
4,0.901124901,0.906807882,2030,3.113980999,0,0.000000000,0,122,12.200,49,0,0,0,0.000000
5,0.907006036,0.912810403,2204,3.380893656,0,0.000000000,0,123,12.300,48,0,0,0,0.000000
6,0.913006303,0.918790504,1890,2.899223689,0,0.000000000,0,121,12.100,48,0,0,0,0.000000
7,0.919023220,0.924795434,2124,3.258175193,0,0.000000000,0,122,12.200,48,0,0,0,0.000000
8,0.924996911,0.930879941,2311,3.545029601,0,0.000000000,0,123,12.300,47,0,0,27,0.027000
9,0.931091248,0.936853151,2445,3.750583026,0,0.000000000,0,123,12.300,48,0,0,24,0.024000
10,0.937062464,0.942877431,2288,3.509748043,0,0.000000000,0,122,12.200,49,0,0,0,0.000000
11,0.943082270,0.948859831,2403,3.686155833,0,0.000000000,0,124,12.400,48,0,0,29,0.029000
12,0.949070921,0.954909577,2277,3.492874254,0,0.000000000,0,122,12.200,47,0,0,0,0.000000
4,0.955115873,0.960788350,2030,3.113980999,0,0.000000000,0,122,12.200,49,0,0,0,0.000000
5,0.960992488,0.966893695,2204,3.380893656,0,0.000000000,0,123,12.300,48,0,0,0,0.000000
6,0.967099499,0.973039046,1890,2.899223689,0,0.000000000,0,121,12.100,48,0,0,0,0.000000
7,0.973241238,0.978920956,2124,3.258175193,0,0.000000000,0,122,12.200,48,0,0,0,0.000000
8,0.979123051,0.985003016,2311,3.545029601,0,0.000000000,0,123,12.300,47,0,0,26,0.026000
9,0.985209061,0.996983397,2445,3.750583026,0,0.000000000,0,123,12.300,48,0,0,24,0.024000
10,0.997194846,1.003014784,2288,3.509748043,0,0.000000000,0,122,12.200,49,0,0,0,0.000000
11,1.003222455,1.008793870,2403,3.686155833,0,0.000000000,0,124,12.400,48,0,0,22,0.022000
12,1.009011651,1.014785010,2277,3.492874254,0,0.000000000,0,122,12.200,47,0,0,0,0.000000
4,1.014994020,1.020866445,2030,3.113980999,0,0.000000000,0,122,12.200,49,0,0,0,0.000000
5,1.021078652,1.026842401,2204,3.380893656,0,0.000000000,0,123,12.300,48,0,0,0,0.000000
6,1.027056308,1.032988444,1890,2.899223689,0,0.000000000,0,121,12.100,48,0,0,1,0.001000
7,1.033203237,1.038917912,2124,3.258175193,0,0.000000000,0,122,12.200,48,0,0,0,0.000000
8,1.039130305,1.044906613,2311,3.545029601,0,0.000000000,0,123,12.300,47,0,0,26,0.026000
9,1.045130653,1.050767026,2445,3.750583026,0,0.000000000,0,123,12.300,48,0,0,24,0.024000
10,1.050986288,1.056876123,2288,3.509748043,0,0.000000000,0,122,12.200,49,0,0,0,0.000000
11,1.057092957,1.062919188,2403,3.686155833,0,0.000000000,0,124,12.400,48,0,0,21,0.021000
12,1.063140940,1.068743641,2277,3.492874254,0,0.000000000,0,122,12.200,47,0,0,0,0.000000
4,1.068955747,1.074887583,2030,3.113980999,0,0.000000000,0,122,12.200,49,0,0,0,0.000000
5,1.075097263,1.080947234,2204,3.380893656,0,0.000000000,0,123,12.300,48,0,0,0,0.000000
6,1.081158714,1.086956655,1890,2.899223689,0,0.000000000,0,121,12.100,48,0,0,0,0.000000
7,1.087168169,1.093111473,2124,3.258175193,0,0.000000000,0,122,12.200,48,0,0,0,0.000000
8,1.093404734,1.099028255,2311,3.545029601,0,0.000000000,0,123,12.300,47,0,0,26,0.026000
9,1.099270500,1.104868822,2445,3.750583026,0,0.000000000,0,123,12.300,48,0,0,27,0.027000
10,1.105110210,1.110965569,2288,3.509748043,0,0.000000000,0,122,12.200,49,0,0,0,0.000000
11,1.111202240,1.116910831,2403,3.686155833,0,0.000000000,0,124,12.400,48,0,0,21,0.021000
12,1.117149723,1.123005926,2277,3.492874254,0,0.000000000,0,122,12.200,47,0,0,0,0.000000
4,1.123243322,1.128927512,2030,3.113980999,0,0.000000000,0,122,12.200,49,0,0,0,0.000000
5,1.129165553,1.134969963,2204,3.380893656,0,0.000000000,0,123,12.300,48,0,0,0,0.000000
6,1.135208046,1.146831528,1890,2.899223689,0,0.000000000,0,121,12.100,48,0,0,0,0.000000
7,1.147076296,1.152917885,2124,3.258175193,0,0.000000000,0,122,12.200,48,0,0,0,0.000000
8,1.153171448,1.158849642,2311,3.545029601,0,0.000000000,0,123,12.300,47,0,0,30,0.030000
9,1.159069001,1.164883675,2445,3.750583026,0,0.000000000,0,123,12.300,48,0,0,23,0.023000
10,1.165132295,1.170857346,2288,3.509748043,0,0.000000000,0,122,12.200,48,0,0,0,0.000000
11,1.171068778,1.176819228,2403,3.686155833,0,0.000000000,0,124,12.400,48,0,0,21,0.021000
12,1.177037035,1.182720686,2277,3.492874254,0,0.000000000,0,122,12.200,47,0,0,0,0.000000
4,1.182934429,1.188957990,2030,3.113980999,0,0.000000000,0,122,12.200,49,0,0,0,0.000000
5,1.189169568,1.194925333,2204,3.380893656,0,0.000000000,0,123,12.300,48,0,0,0,0.000000
6,1.195137121,1.200818073,1890,2.899223689,0,0.000000000,0,121,12.100,48,0,0,0,0.000000
7,1.201033962,1.207055140,2124,3.258175193,0,0.000000000,0,122,12.200,48,0,0,0,0.000000
8,1.207274075,1.212948488,2311,3.545029601,0,0.000000000,0,123,12.300,47,0,0,27,0.027000
9,1.213167800,1.218859628,2445,3.750583026,0,0.000000000,0,123,12.300,48,0,0,23,0.023000
10,1.219079848,1.224837930,2288,3.509748043,0,0.000000000,0,122,12.200,48,0,0,0,0.000000
11,1.225053020,1.230768234,2403,3.686155833,0,0.000000000,0,124,12.400,48,0,0,21,0.021000
12,1.231026600,1.236788615,2277,3.492874254,0,0.000000000,0,122,12.200,47,0,0,0,0.000000
4,1.237083512,1.242705550,2030,3.113980999,0,0.000000000,0,122,12.200,49,0,0,0,0.000000
5,1.242916560,1.248925633,2204,3.380893656,0,0.000000000,0,123,12.300,48,0,0,0,0.000000
6,1.249137760,1.254806154,1890,2.899223689,0,0.000000000,0,121,12.100,48,0,0,0,0.000000
7,1.255021316,1.260815240,2124,3.258175193,0,0.000000000,0,122,12.200,48,0,0,0,0.000000
8,1.261028469,1.266892069,2311,3.545029601,0,0.000000000,0,123,12.300,47,0,0,26,0.026000
9,1.267109228,1.273048895,2445,3.750583026,0,0.000000000,0,123,12.300,48,0,0,23,0.023000
10,1.273264534,1.278837390,2288,3.509748043,0,0.000000000,0,122,12.200,49,0,0,0,0.000000
11,1.279049121,1.284859010,2403,3.686155833,0,0.000000000,0,124,12.400,48,0,0,23,0.023000
12,1.285075990,1.297017684,2277,3.492874254,0,0.000000000,0,122,12.200,47,0,0,0,0.000000
4,1.297310435,1.303147150,2030,3.113980999,0,0.000000000,0,121,12.100,49,0,0,0,0.000000
5,1.303386246,1.309126766,2204,3.380893656,0,0.000000000,0,123,12.300,48,0,0,0,0.000000
6,1.309368613,1.314867897,1890,2.899223689,0,0.000000000,0,121,12.100,48,0,0,3,0.003000
7,1.315113095,1.320986835,2124,3.258175193,0,0.000000000,0,122,12.200,48,0,0,0,0.000000
8,1.321232648,1.326850823,2311,3.545029601,0,0.000000000,0,123,12.300,47,0,0,26,0.026000
9,1.327096993,1.332954121,2445,3.750583026,0,0.000000000,0,123,12.300,48,0,0,24,0.024000
10,1.333173963,1.338902357,2288,3.509748043,0,0.000000000,0,122,12.200,49,0,0,0,0.000000
11,1.339116685,1.344879521,2403,3.686155833,0,0.000000000,0,124,12.400,48,0,0,21,0.021000
12,1.345099700,1.350820430,2277,3.492874254,0,0.000000000,0,122,12.200,47,0,0,0,0.000000
4,1.351033761,1.356841760,2030,3.113980999,0,0.000000000,0,122,12.200,49,0,0,0,0.000000
5,1.357054875,1.362734070,2204,3.380893656,0,0.000000000,0,123,12.300,48,0,0,0,0.000000
6,1.362947149,1.368687386,1890,2.899223689,0,0.000000000,0,121,12.100,48,0,0,0,0.000000
7,1.368898551,1.374823298,2124,3.258175193,0,0.000000000,0,122,12.200,48,0,0,0,0.000000
8,1.375034938,1.380780038,2311,3.545029601,0,0.000000000,0,123,12.300,47,0,0,27,0.027000
9,1.380996500,1.386783792,2445,3.750583026,0,0.000000000,0,123,12.300,48,0,0,23,0.023000
10,1.387004293,1.392711530,2288,3.509748043,0,0.000000000,0,122,12.200,48,0,0,0,0.000000
11,1.392925340,1.398859380,2403,3.686155833,0,0.000000000,0,124,12.400,48,0,0,22,0.022000
12,1.399077897,1.404881865,2277,3.492874254,0,0.000000000,0,122,12.200,47,0,0,0,0.000000
4,1.405093595,1.410815450,2030,3.113980999,0,0.000000000,0,122,12.200,49,0,0,0,0.000000
5,1.411026709,1.416884355,2204,3.380893656,0,0.000000000,0,123,12.300,48,0,0,0,0.000000
6,1.417099691,1.422865222,1890,2.899223689,0,0.000000000,0,121,12.100,48,0,0,0,0.000000
7,1.423101057,1.428869201,2124,3.258175193,0,0.000000000,0,122,12.200,48,0,0,0,0.000000
8,1.429109225,1.434754247,2311,3.545029601,0,0.000000000,0,123,12.300,47,0,0,27,0.027000
9,1.435010323,1.446788197,2445,3.750583026,0,0.000000000,0,123,12.300,48,0,0,24,0.024000
10,1.447008921,1.452788429,2288,3.509748043,0,0.000000000,0,122,12.200,49,0,0,0,0.000000
11,1.453001735,1.459049985,2403,3.686155833,0,0.000000000,0,124,12.400,48,0,0,21,0.021000
12,1.459269585,1.464973010,2277,3.492874254,0,0.000000000,0,122,12.200,47,0,0,0,0.000000
4,1.465186097,1.470674089,2030,3.113980999,0,0.000000000,0,122,12.200,49,0,0,0,0.000000
5,1.470886434,1.476985229,2204,3.380893656,0,0.000000000,0,123,12.300,48,0,0,0,0.000000
6,1.477196673,1.482786758,1890,2.899223689,0,0.000000000,0,121,12.100,48,0,0,0,0.000000
7,1.482993329,1.488714191,2124,3.258175193,0,0.000000000,0,122,12.200,48,0,0,0,0.000000
8,1.488928095,1.494850684,2311,3.545029601,0,0.000000000,0,123,12.300,47,0,0,27,0.027000
9,1.495098541,1.501011069,2445,3.750583026,0,0.000000000,0,122,12.200,48,0,0,24,0.024000
10,1.501231754,1.506900103,2288,3.509748043,0,0.000000000,0,122,12.200,49,0,0,0,0.000000
11,1.507137984,1.512871889,2403,3.686155833,0,0.000000000,0,124,12.400,48,0,0,21,0.021000
12,1.513119527,1.518961952,2277,3.492874254,0,0.000000000,0,122,12.200,47,0,0,0,0.000000
4,1.519177054,1.524950270,2030,3.113980999,0,0.000000000,0,122,12.200,49,0,0,0,0.000000
5,1.525165736,1.530787730,2204,3.380893656,0,0.000000000,0,123,12.300,48,0,0,0,0.000000
6,1.531005700,1.536754775,1890,2.899223689,0,0.000000000,0,121,12.100,48,0,0,0,0.000000
7,1.536966825,1.542979334,2124,3.258175193,0,0.000000000,0,122,12.200,48,0,0,0,0.000000
8,1.543190736,1.548935259,2311,3.545029601,0,0.000000000,0,123,12.300,47,0,0,27,0.027000
9,1.549191498,1.554809803,2445,3.750583026,0,0.000000000,0,123,12.300,48,0,0,23,0.023000
10,1.555030710,1.560782582,2288,3.509748043,0,0.000000000,0,122,12.200,48,0,0,0,0.000000
11,1.560996361,1.566707134,2403,3.686155833,0,0.000000000,0,124,12.400,48,0,0,23,0.023000
12,1.566927071,1.572721186,2277,3.492874254,0,0.000000000,0,122,12.200,47,0,0,0,0.000000
4,1.572939941,1.578642079,2030,3.113980999,0,0.000000000,0,122,12.200,49,0,0,0,0.000000
5,1.578853386,1.584657298,2204,3.380893656,0,0.000000000,0,123,12.300,48,0,0,0,0.000000
6,1.584867731,1.597076865,1890,2.899223689,0,0.000000000,0,121,12.100,48,0,0,6,0.006000
7,1.597326494,1.602796329,2124,3.258175193,0,0.000000000,0,122,12.200,48,0,0,0,0.000000
8,1.603011753,1.608928990,2311,3.545029601,0,0.000000000,0,123,12.300,47,0,0,27,0.027000
9,1.609151046,1.614686704,2445,3.750583026,0,0.000000000,0,123,12.300,48,0,0,23,0.023000
10,1.614909630,1.620900112,2288,3.509748043,0,0.000000000,0,122,12.200,48,0,0,0,0.000000
11,1.621111634,1.626651483,2403,3.686155833,0,0.000000000,0,124,12.400,48,0,0,22,0.022000
12,1.626871463,1.632809904,2277,3.492874254,0,0.000000000,0,122,12.200,47,0,0,0,0.000000
4,1.633025243,1.638771935,2030,3.113980999,0,0.000000000,0,122,12.200,49,0,0,0,0.000000
5,1.638984543,1.644743038,2204,3.380893656,0,0.000000000,0,123,12.300,48,0,0,0,0.000000
6,1.644958509,1.650799208,1890,2.899223689,0,0.000000000,0,121,12.100,48,0,0,0,0.000000
7,1.651014056,1.656877374,2124,3.258175193,0,0.000000000,0,122,12.200,48,0,0,0,0.000000
8,1.657092929,1.662770499,2311,3.545029601,0,0.000000000,0,123,12.300,47,0,0,27,0.027000
9,1.662990968,1.668766849,2445,3.750583026,0,0.000000000,0,123,12.300,48,0,0,23,0.023000
10,1.668981817,1.674722213,2288,3.509748043,0,0.000000000,0,122,12.200,49,0,0,0,0.000000
11,1.674934576,1.680709989,2403,3.686155833,0,0.000000000,0,124,12.400,48,0,0,21,0.021000
12,1.680926760,1.686713078,2277,3.492874254,0,0.000000000,0,122,12.200,47,0,0,0,0.000000
4,1.686923146,1.692783756,2030,3.113980999,0,0.000000000,0,122,12.200,49,0,0,0,0.000000
5,1.692994870,1.699087854,2204,3.380893656,0,0.000000000,0,123,12.300,48,0,0,0,0.000000
6,1.699300719,1.704763505,1890,2.899223689,0,0.000000000,0,121,12.100,48,0,0,0,0.000000
7,1.704974359,1.710949564,2124,3.258175193,0,0.000000000,0,122,12.200,48,0,0,0,0.000000
8,1.711165164,1.716921759,2311,3.545029601,0,0.000000000,0,123,12.300,47,0,0,26,0.026000
9,1.717144081,1.722726166,2445,3.750583026,0,0.000000000,0,123,12.300,48,0,0,25,0.025000
10,1.722983536,1.728807195,2288,3.509748043,0,0.000000000,0,122,12.200,49,0,0,0,0.000000
11,1.729019996,1.734951910,2403,3.686155833,0,0.000000000,0,124,12.400,48,0,0,21,0.021000
12,1.735165837,1.746978581,2277,3.492874254,0,0.000000000,0,122,12.200,47,0,0,0,0.000000
4,1.747191327,1.752772789,2030,3.113980999,0,0.000000000,0,122,12.200,49,0,0,0,0.000000
5,1.752990223,1.758812513,2204,3.380893656,0,0.000000000,0,123,12.300,48,0,0,0,0.000000
6,1.759026691,1.764942144,1890,2.899223689,0,0.000000000,0,121,12.100,48,0,0,0,0.000000
7,1.765154103,1.770950158,2124,3.258175193,0,0.000000000,0,122,12.200,48,0,0,0,0.000000
8,1.771186557,1.777505464,2311,3.545029601,0,0.000000000,0,123,12.300,47,0,0,28,0.028000
9,1.777914817,1.783011085,2445,3.750583026,0,0.000000000,0,123,12.300,48,0,0,23,0.023000
10,1.783311240,1.788797049,2288,3.509748043,0,0.000000000,0,122,12.200,49,0,0,0,0.000000
11,1.789040092,1.794855484,2403,3.686155833,0,0.000000000,0,124,12.400,48,0,0,22,0.022000
12,1.795099907,1.800901107,2277,3.492874254,0,0.000000000,0,122,12.200,47,0,0,0,0.000000
4,1.801139947,1.806806949,2030,3.113980999,0,0.000000000,0,122,12.200,49,0,0,0,0.000000
5,1.807044715,1.812854977,2204,3.380893656,0,0.000000000,0,123,12.300,48,0,0,0,0.000000
6,1.813094627,1.819098483,1890,2.899223689,0,0.000000000,0,121,12.100,48,0,0,0,0.000000
7,1.819342535,1.824709008,2124,3.258175193,0,0.000000000,0,122,12.200,48,0,0,0,0.000000
8,1.824919156,1.830943130,2311,3.545029601,0,0.000000000,0,123,12.300,47,0,0,27,0.027000
9,1.831164311,1.836637709,2445,3.750583026,0,0.000000000,0,123,12.300,48,0,0,24,0.024000
10,1.836855062,1.842721689,2288,3.509748043,0,0.000000000,0,122,12.200,49,0,0,0,0.000000
11,1.842935494,1.848705888,2403,3.686155833,0,0.000000000,0,124,12.400,48,0,0,29,0.029000
12,1.848923546,1.854943554,2277,3.492874254,0,0.000000000,0,122,12.200,47,0,0,0,0.000000
4,1.855156621,1.860923240,2030,3.113980999,0,0.000000000,0,121,12.100,49,0,0,0,0.000000
5,1.861144648,1.866718296,2204,3.380893656,0,0.000000000,0,123,12.300,48,0,0,0,0.000000
6,1.866934634,1.872724974,1890,2.899223689,0,0.000000000,0,121,12.100,48,0,0,0,0.000000
7,1.872937663,1.878917991,2124,3.258175193,0,0.000000000,0,122,12.200,48,0,0,0,0.000000
8,1.879127511,1.884712492,2311,3.545029601,0,0.000000000,0,123,12.300,47,0,0,27,0.027000
9,1.884931449,1.896936195,2445,3.750583026,0,0.000000000,0,123,12.300,48,0,0,24,0.024000
10,1.897154869,1.902888467,2288,3.509748043,0,0.000000000,0,122,12.200,49,0,0,0,0.000000
11,1.903106807,1.908664518,2403,3.686155833,0,0.000000000,0,124,12.400,48,0,0,21,0.021000
12,1.908883151,1.914850988,2277,3.492874254,0,0.000000000,0,122,12.200,47,0,0,0,0.000000
4,1.915094828,1.920693578,2030,3.113980999,0,0.000000000,0,121,12.100,49,0,0,0,0.000000
5,1.920905681,1.926844033,2204,3.380893656,0,0.000000000,0,123,12.300,48,0,0,0,0.000000
6,1.927055054,1.932795101,1890,2.899223689,0,0.000000000,0,121,12.100,48,0,0,1,0.001000
7,1.933013713,1.938788316,2124,3.258175193,0,0.000000000,0,122,12.200,48,0,0,0,0.000000
8,1.938999793,1.944743916,2311,3.545029601,0,0.000000000,0,123,12.300,47,0,0,27,0.027000
9,1.944962210,1.950889691,2445,3.750583026,0,0.000000000,0,123,12.300,48,0,0,23,0.023000
10,1.951112144,1.956825078,2288,3.509748043,0,0.000000000,0,122,12.200,49,0,0,0,0.000000
11,1.957041338,1.962670883,2403,3.686155833,0,0.000000000,0,124,12.400,48,0,0,21,0.021000
12,1.962891149,1.968645806,2277,3.492874254,0,0.000000000,0,122,12.200,47,0,0,0,0.000000
4,1.968859735,1.974620985,2030,3.113980999,0,0.000000000,0,122,12.200,49,0,0,0,0.000000
5,1.974832138,1.980850283,2204,3.380893656,0,0.000000000,0,123,12.300,48,0,0,0,0.000000
6,1.981065983,1.986718365,1890,2.899223689,0,0.000000000,0,121,12.100,48,0,0,0,0.000000
7,1.986931463,1.992835526,2124,3.258175193,0,0.000000000,0,122,12.200,48,0,0,0,0.000000
8,1.993047719,1.998824663,2311,3.545029601,0,0.000000000,0,123,12.300,47,0,0,27,0.027000
9,1.999046552,2.004845452,2445,3.750583026,0,0.000000000,0,123,12.300,48,0,0,26,0.026000
10,2.005066488,2.010852906,2288,3.509748043,0,0.000000000,0,122,12.200,49,0,0,0,0.000000
11,2.011091532,2.016829848,2403,3.686155833,0,0.000000000,0,124,12.400,48,0,0,21,0.021000
12,2.017040962,2.022842657,2277,3.492874254,0,0.000000000,0,122,12.200,47,0,0,0,0.000000
4,2.023055899,2.028883615,2030,3.113980999,0,0.000000000,0,122,12.200,49,0,0,0,0.000000
5,2.029097948,2.034777545,2204,3.380893656,0,0.000000000,0,123,12.300,48,0,0,0,0.000000
6,2.034991699,2.046660713,1890,2.899223689,0,0.000000000,0,121,12.100,48,0,0,0,0.000000
7,2.046871647,2.052762098,2124,3.258175193,0,0.000000000,0,122,12.200,48,0,0,0,0.000000
8,2.052977711,2.058779250,2311,3.545029601,0,0.000000000,0,123,12.300,47,0,0,30,0.030000
9,2.059005867,2.064793643,2445,3.750583026,0,0.000000000,0,123,12.300,48,0,0,24,0.024000
10,2.065042982,2.070807772,2288,3.509748043,0,0.000000000,0,122,12.200,49,0,0,0,0.000000
11,2.071019948,2.076709518,2403,3.686155833,0,0.000000000,0,124,12.400,48,0,0,21,0.021000
12,2.076920643,2.082878061,2277,3.492874254,0,0.000000000,0,122,12.200,47,0,0,0,0.000000
4,2.083094304,2.088700136,2030,3.113980999,0,0.000000000,0,122,12.200,49,0,0,0,0.000000
5,2.088911963,2.094711534,2204,3.380893656,0,0.000000000,0,123,12.300,48,0,0,0,0.000000
6,2.094928386,2.100793789,1890,2.899223689,0,0.000000000,0,121,12.100,48,0,0,0,0.000000
7,2.101008405,2.106846432,2124,3.258175193,0,0.000000000,0,122,12.200,48,0,0,0,0.000000
8,2.107062864,2.112878698,2311,3.545029601,0,0.000000000,0,123,12.300,47,0,0,27,0.027000
9,2.113097243,2.118762788,2445,3.750583026,0,0.000000000,0,123,12.300,48,0,0,24,0.024000
10,2.118982502,2.124719773,2288,3.509748043,0,0.000000000,0,122,12.200,49,0,0,0,0.000000
11,2.124932468,2.130895708,2403,3.686155833,0,0.000000000,0,124,12.400,48,0,0,22,0.022000
12,2.131116151,2.136816249,2277,3.492874254,0,0.000000000,0,122,12.200,47,0,0,0,0.000000
4,2.137029133,2.142752473,2030,3.113980999,0,0.000000000,0,122,12.200,49,0,0,0,0.000000
5,2.142959892,2.148660368,2204,3.380893656,0,0.000000000,0,123,12.300,48,0,0,0,0.000000
6,2.148873490,2.154877792,1890,2.899223689,0,0.000000000,0,121,12.100,48,0,0,0,0.000000
7,2.155091177,2.160706993,2124,3.258175193,0,0.000000000,0,122,12.200,48,0,0,0,0.000000
8,2.160920863,2.166839789,2311,3.545029601,0,0.000000000,0,123,12.300,47,0,0,27,0.027000
9,2.167102487,2.172808008,2445,3.750583026,0,0.000000000,0,123,12.300,48,0,0,23,0.023000
10,2.173027867,2.178831018,2288,3.509748043,0,0.000000000,0,122,12.200,49,0,0,0,0.000000
11,2.179045118,2.184992214,2403,3.686155833,0,0.000000000,0,124,12.400,48,0,0,22,0.022000
12,2.185212863,2.196659101,2277,3.492874254,0,0.000000000,0,122,12.200,47,0,0,0,0.000000
4,2.196874362,2.202775578,2030,3.113980999,0,0.000000000,0,121,12.100,49,0,0,0,0.000000
5,2.202991349,2.208907288,2204,3.380893656,0,0.000000000,0,123,12.300,48,0,0,0,0.000000
6,2.209122151,2.214635962,1890,2.899223689,0,0.000000000,0,121,12.100,48,0,0,3,0.003000
7,2.214886958,2.220748441,2124,3.258175193,0,0.000000000,0,122,12.200,48,0,0,0,0.000000
8,2.220959856,2.226815298,2311,3.545029601,0,0.000000000,0,123,12.300,47,0,0,26,0.026000
9,2.227032318,2.232719865,2445,3.750583026,0,0.000000000,0,123,12.300,48,0,0,23,0.023000
10,2.232936928,2.238679593,2288,3.509748043,0,0.000000000,0,122,12.200,48,0,0,0,0.000000
11,2.238893813,2.244738111,2403,3.686155833,0,0.000000000,0,124,12.400,48,0,0,21,0.021000
12,2.244949007,2.250677459,2277,3.492874254,0,0.000000000,0,122,12.200,47,0,0,0,0.000000
4,2.250893356,2.256737266,2030,3.113980999,0,0.000000000,0,122,12.200,49,0,0,0,0.000000
5,2.256950684,2.262612143,2204,3.380893656,0,0.000000000,0,123,12.300,48,0,0,0,0.000000
6,2.262826404,2.268814119,1890,2.899223689,0,0.000000000,0,121,12.100,48,0,0,0,0.000000
7,2.269028351,2.274785765,2124,3.258175193,0,0.000000000,0,122,12.200,48,0,0,0,0.000000
8,2.274999091,2.280650323,2311,3.545029601,0,0.000000000,0,123,12.300,47,0,0,26,0.026000
9,2.280870413,2.286996064,2445,3.750583026,0,0.000000000,0,123,12.300,48,0,0,24,0.024000
10,2.287247451,2.292738938,2288,3.509748043,0,0.000000000,0,122,12.200,48,0,0,0,0.000000
11,2.292982240,2.298736764,2403,3.686155833,0,0.000000000,0,124,12.400,48,0,0,21,0.021000
12,2.298986614,2.304769586,2277,3.492874254,0,0.000000000,0,122,12.200,47,0,0,0,0.000000
4,2.304983149,2.310617185,2030,3.113980999,0,0.000000000,0,122,12.200,49,0,0,0,0.000000
5,2.310829661,2.316673763,2204,3.380893656,0,0.000000000,0,123,12.300,48,0,0,0,0.000000
6,2.316886804,2.322716508,1890,2.899223689,0,0.000000000,0,121,12.100,48,0,0,0,0.000000
7,2.322928492,2.328778068,2124,3.258175193,0,0.000000000,0,122,12.200,48,0,0,0,0.000000
8,2.328989062,2.334759339,2311,3.545029601,0,0.000000000,0,123,12.300,47,0,0,26,0.026000
9,2.334975782,2.346706471,2445,3.750583026,0,0.000000000,0,123,12.300,48,0,0,24,0.024000
10,2.346919050,2.352868527,2288,3.509748043,0,0.000000000,0,122,12.200,49,0,0,0,0.000000
11,2.353080898,2.358861383,2403,3.686155833,0,0.000000000,0,124,12.400,48,0,0,21,0.021000
12,2.359081068,2.364740006,2277,3.492874254,0,0.000000000,0,122,12.200,47,0,0,0,0.000000
4,2.364956806,2.370766527,2030,3.113980999,0,0.000000000,0,122,12.200,49,0,0,0,0.000000
5,2.370981120,2.376708172,2204,3.380893656,0,0.000000000,0,123,12.300,48,0,0,0,0.000000
6,2.376919349,2.382704665,1890,2.899223689,0,0.000000000,0,121,12.100,48,0,0,0,0.000000
7,2.382917160,2.388630138,2124,3.258175193,0,0.000000000,0,122,12.200,48,0,0,0,0.000000
8,2.388843004,2.394677551,2311,3.545029601,0,0.000000000,0,123,12.300,47,0,0,27,0.027000
9,2.394887693,2.400624375,2445,3.750583026,0,0.000000000,0,122,12.200,48,0,0,24,0.024000
10,2.400835837,2.406686761,2288,3.509748043,0,0.000000000,0,122,12.200,48,0,0,0,0.000000
11,2.406895661,2.412806031,2403,3.686155833,0,0.000000000,0,124,12.400,48,0,0,21,0.021000
12,2.413017792,2.418764843,2277,3.492874254,0,0.000000000,0,122,12.200,47,0,0,0,0.000000
4,2.418973864,2.424718757,2030,3.113980999,0,0.000000000,0,122,12.200,49,0,0,0,0.000000
5,2.424932946,2.430732161,2204,3.380893656,0,0.000000000,0,123,12.300,48,0,0,1,0.001000
6,2.430950276,2.436821711,1890,2.899223689,0,0.000000000,0,121,12.100,48,0,0,0,0.000000
7,2.437029806,2.442676210,2124,3.258175193,0,0.000000000,0,122,12.200,48,0,0,0,0.000000
8,2.442885522,2.448795926,2311,3.545029601,0,0.000000000,0,123,12.300,47,0,0,27,0.027000
9,2.449007671,2.454756253,2445,3.750583026,0,0.000000000,0,123,12.300,48,0,0,24,0.024000
10,2.454970817,2.460736116,2288,3.509748043,0,0.000000000,0,122,12.200,49,0,0,0,0.000000
11,2.460943953,2.466810938,2403,3.686155833,0,0.000000000,0,124,12.400,48,0,0,23,0.023000
12,2.467024935,2.472768350,2277,3.492874254,0,0.000000000,0,122,12.200,47,0,0,0,0.000000
4,2.472975212,2.478740802,2030,3.113980999,0,0.000000000,0,121,12.100,49,0,0,0,0.000000
5,2.478944516,2.484682276,2204,3.380893656,0,0.000000000,0,123,12.300,48,0,0,0,0.000000
6,2.484891562,2.496875887,1890,2.899223689,0,0.000000000,0,121,12.100,48,0,0,6,0.006000
7,2.497095911,2.502783256,2124,3.258175193,0,0.000000000,0,122,12.200,48,0,0,0,0.000000
8,2.503001719,2.508617702,2311,3.545029601,0,0.000000000,0,123,12.300,47,0,0,27,0.027000
9,2.508834137,2.514822358,2445,3.750583026,0,0.000000000,0,123,12.300,48,0,0,24,0.024000
10,2.515061694,2.520749439,2288,3.509748043,0,0.000000000,0,122,12.200,49,0,0,0,0.000000
11,2.520962777,2.526785853,2403,3.686155833,0,0.000000000,0,124,12.400,48,0,0,21,0.021000
12,2.527005212,2.532802254,2277,3.492874254,0,0.000000000,0,122,12.200,47,0,0,0,0.000000
4,2.533013244,2.538686873,2030,3.113980999,0,0.000000000,0,121,12.100,49,0,0,0,0.000000
5,2.538898628,2.544877166,2204,3.380893656,0,0.000000000,0,123,12.300,48,0,0,0,0.000000
6,2.545091593,2.550736847,1890,2.899223689,0,0.000000000,0,121,12.100,48,0,0,0,0.000000
7,2.550950556,2.556740018,2124,3.258175193,0,0.000000000,0,122,12.200,48,0,0,0,0.000000
8,2.556952354,2.562847560,2311,3.545029601,0,0.000000000,0,123,12.300,47,0,0,27,0.027000
9,2.563066998,2.568840471,2445,3.750583026,0,0.000000000,0,123,12.300,48,0,0,24,0.024000
10,2.569058262,2.574784176,2288,3.509748043,0,0.000000000,0,122,12.200,49,0,0,0,0.000000
11,2.574991984,2.580699043,2403,3.686155833,0,0.000000000,0,124,12.400,48,0,0,22,0.022000
12,2.580917097,2.586703372,2277,3.492874254,0,0.000000000,0,122,12.200,47,0,0,0,0.000000
4,2.586952947,2.592819573,2030,3.113980999,0,0.000000000,0,121,12.100,49,0,0,0,0.000000
5,2.593032247,2.598770076,2204,3.380893656,0,0.000000000,0,123,12.300,48,0,0,0,0.000000
6,2.598983394,2.604788668,1890,2.899223689,0,0.000000000,0,121,12.100,48,0,0,0,0.000000
7,2.605003465,2.610651957,2124,3.258175193,0,0.000000000,0,122,12.200,48,0,0,0,0.000000
8,2.610863799,2.616876477,2311,3.545029601,0,0.000000000,0,123,12.300,47,0,0,27,0.027000
9,2.617093347,2.622806900,2445,3.750583026,0,0.000000000,0,123,12.300,48,0,0,25,0.025000
10,2.623025019,2.628735086,2288,3.509748043,0,0.000000000,0,122,12.200,49,0,0,0,0.000000
11,2.628945814,2.634656189,2403,3.686155833,0,0.000000000,0,124,12.400,48,0,0,22,0.022000
12,2.634872084,2.646667467,2277,3.492874254,0,0.000000000,0,122,12.200,47,0,0,0,0.000000
4,2.646881544,2.652689495,2030,3.113980999,0,0.000000000,0,122,12.200,49,0,0,0,0.000000
5,2.652899478,2.658825859,2204,3.380893656,0,0.000000000,0,123,12.300,48,0,0,0,0.000000
6,2.659033668,2.664853228,1890,2.899223689,0,0.000000000,0,121,12.100,48,0,0,0,0.000000
7,2.665065017,2.670695102,2124,3.258175193,0,0.000000000,0,122,12.200,48,0,0,0,0.000000
8,2.670951270,2.676699884,2311,3.545029601,0,0.000000000,0,123,12.300,47,0,0,28,0.028000
9,2.676909471,2.682711220,2445,3.750583026,0,0.000000000,0,123,12.300,48,0,0,24,0.024000
10,2.682926828,2.688858824,2288,3.509748043,0,0.000000000,0,122,12.200,49,0,0,0,0.000000
11,2.689067379,2.694631252,2403,3.686155833,0,0.000000000,0,124,12.400,48,0,0,22,0.022000
12,2.694851539,2.700790446,2277,3.492874254,0,0.000000000,0,122,12.200,47,0,0,0,0.000000
4,2.701013872,2.706849779,2030,3.113980999,0,0.000000000,0,122,12.200,49,0,0,0,0.000000
5,2.707066702,2.712653292,2204,3.380893656,0,0.000000000,0,123,12.300,48,0,0,1,0.001000
6,2.712898827,2.718790657,1890,2.899223689,0,0.000000000,0,121,12.100,48,0,0,0,0.000000
7,2.719004864,2.724716657,2124,3.258175193,0,0.000000000,0,122,12.200,48,0,0,0,0.000000
8,2.724929842,2.730739625,2311,3.545029601,0,0.000000000,0,123,12.300,47,0,0,27,0.027000
9,2.730959904,2.736940474,2445,3.750583026,0,0.000000000,0,123,12.300,48,0,0,23,0.023000
10,2.737237524,2.743802760,2288,3.509748043,0,0.000000000,0,122,12.200,49,0,0,0,0.000000
11,2.744193613,2.749323494,2403,3.686155833,0,0.000000000,0,124,12.400,48,0,0,29,0.029000
12,2.749719725,2.755221997,2277,3.492874254,0,0.000000000,0,122,12.200,47,0,0,0,0.000000
4,2.755609566,2.760897878,2030,3.113980999,0,0.000000000,0,121,12.100,49,0,0,0,0.000000
5,2.761204534,2.766702767,2204,3.380893656,0,0.000000000,0,123,12.300,48,0,0,0,0.000000
6,2.766941351,2.772906668,1890,2.899223689,0,0.000000000,0,121,12.100,48,0,0,0,0.000000
7,2.773162804,2.778666172,2124,3.258175193,0,0.000000000,0,122,12.200,48,0,0,0,0.000000
8,2.778881530,2.784704052,2311,3.545029601,0,0.000000000,0,123,12.300,47,0,0,27,0.027000
9,2.784924252,2.796582924,2445,3.750583026,0,0.000000000,0,123,12.300,48,0,0,24,0.024000
10,2.796802356,2.802561994,2288,3.509748043,0,0.000000000,0,122,12.200,48,0,0,0,0.000000
11,2.802775126,2.808839316,2403,3.686155833,0,0.000000000,0,124,12.400,48,0,0,21,0.021000
12,2.809057435,2.814701698,2277,3.492874254,0,0.000000000,0,122,12.200,47,0,0,0,0.000000
4,2.814912676,2.820554607,2030,3.113980999,0,0.000000000,0,121,12.100,49,0,0,0,0.000000
5,2.820767140,2.826776171,2204,3.380893656,0,0.000000000,0,123,12.300,48,0,0,0,0.000000
6,2.826986626,2.832794821,1890,2.899223689,0,0.000000000,0,121,12.100,48,0,0,1,0.001000
7,2.833013799,2.838829646,2124,3.258175193,0,0.000000000,0,122,12.200,48,0,0,0,0.000000
8,2.839040426,2.844742891,2311,3.545029601,0,0.000000000,0,123,12.300,47,0,0,26,0.026000
9,2.844958273,2.851921951,2445,3.750583026,0,0.000000000,0,123,12.300,48,0,0,24,0.024000
10,2.852426324,2.856919798,2288,3.509748043,0,0.000000000,0,122,12.200,49,0,0,0,0.000000
11,2.857126835,2.862673454,2403,3.686155833,0,0.000000000,0,124,12.400,48,0,0,21,0.021000
12,2.862892971,2.868696533,2277,3.492874254,0,0.000000000,0,122,12.200,47,0,0,0,0.000000
4,2.868904126,2.874671110,2030,3.113980999,0,0.000000000,0,122,12.200,49,0,0,0,0.000000
5,2.874886125,2.880690196,2204,3.380893656,0,0.000000000,0,123,12.300,48,0,0,0,0.000000
6,2.880951991,2.886671407,1890,2.899223689,0,0.000000000,0,121,12.100,48,0,0,0,0.000000
7,2.886894595,2.892905190,2124,3.258175193,0,0.000000000,0,122,12.200,48,0,0,0,0.000000
8,2.893152298,2.899005811,2311,3.545029601,0,0.000000000,0,123,12.300,47,0,0,27,0.027000
9,2.899293694,2.904846551,2445,3.750583026,0,0.000000000,0,123,12.300,48,0,0,27,0.027000
10,2.905127694,2.910856931,2288,3.509748043,0,0.000000000,0,122,12.200,48,0,0,0,0.000000
11,2.911176160,2.916860020,2403,3.686155833,0,0.000000000,0,124,12.400,48,0,0,22,0.022000
12,2.917146953,2.922846375,2277,3.492874254,0,0.000000000,0,122,12.200,47,0,0,0,0.000000
4,2.923119981,2.928851385,2030,3.113980999,0,0.000000000,0,122,12.200,49,0,0,0,0.000000
5,2.929118416,2.935021615,2204,3.380893656,0,0.000000000,0,123,12.300,48,0,0,0,0.000000
6,2.935333968,2.947029032,1890,2.899223689,0,0.000000000,0,121,12.100,48,0,0,0,0.000000
7,2.947310206,2.952952951,2124,3.258175193,0,0.000000000,0,122,12.200,48,0,0,0,0.000000
8,2.953223524,2.959556941,2311,3.545029601,0,0.000000000,0,123,12.300,47,0,0,30,0.030000
9,2.959870995,2.964854958,2445,3.750583026,0,0.000000000,0,123,12.300,48,0,0,24,0.024000
10,2.965123576,2.970881724,2288,3.509748043,0,0.000000000,0,122,12.200,49,0,0,0,0.000000
11,2.971143181,2.976862685,2403,3.686155833,0,0.000000000,0,124,12.400,48,0,0,22,0.022000
12,2.977144276,2.982712887,2277,3.492874254,0,0.000000000,0,122,12.200,47,0,0,0,0.000000
4,2.982938396,2.988735411,2030,3.113980999,0,0.000000000,0,122,12.200,49,0,0,0,0.000000
5,2.988953005,2.994746041,2204,3.380893656,0,0.000000000,0,123,12.300,48,0,0,0,0.000000
6,2.994972391,3.000660692,1890,2.899223689,0,0.000000000,0,121,12.100,48,0,0,0,0.000000
