frame,next_kind,next_id,gap_ticks,guard_ticks,log_copy_ticks,local_ticks,encode_ticks,fifo_ticks,host_ticks,other_ticks,boundary_ticks
0,0,11,1052,998,52,0,1,0,0,0,1
0,0,12,1074,1000,52,19,1,0,1,0,1
0,1,254,1052,998,52,0,1,0,0,0,1
0,2,10,2659,949,55,0,1,1653,0,0,1
0,2,11,2352,1000,43,0,1,1307,0,0,1
0,2,12,2352,1000,43,0,1,1307,0,0,1
1,0,11,1052,998,52,0,1,0,0,0,1
1,0,12,1052,998,52,0,1,0,0,0,1
1,1,254,1052,998,52,0,1,0,0,0,1
1,2,10,1006,949,55,0,1,0,0,0,1
1,2,11,1045,1000,43,0,1,0,0,0,1
1,2,12,1045,1000,43,0,1,0,0,0,1
2,0,11,1052,998,52,0,1,0,0,0,1
2,0,12,1052,998,52,0,1,0,0,0,1
2,1,254,1052,998,52,0,1,0,0,0,1
2,2,10,1006,949,55,0,1,0,0,0,1
2,2,11,1045,1000,43,0,1,0,0,0,1
2,2,12,1045,1000,43,0,1,0,0,0,1
3,0,11,1052,998,52,0,1,0,0,0,1
3,0,12,1052,998,52,0,1,0,0,0,1
3,1,254,1052,998,52,0,1,0,0,0,1
3,2,10,1006,949,55,0,1,0,0,0,1
3,2,11,1045,1000,43,0,1,0,0,0,1
3,2,12,1045,1000,43,0,1,0,0,0,1
4,0,11,1052,998,52,0,1,0,0,0,1
4,0,12,1052,998,52,0,1,0,0,0,1
4,1,254,1052,998,52,0,1,0,0,0,1
4,2,10,1006,949,55,0,1,0,0,0,1
4,2,11,1045,1000,43,0,1,0,0,0,1
4,2,12,1045,1000,43,0,1,0,0,0,1
5,0,11,1052,998,52,0,1,0,0,0,1
5,0,12,1074,1000,52,19,1,0,1,0,1
5,1,254,1052,998,52,0,1,0,0,0,1
5,2,10,1006,949,55,0,1,0,0,0,1
5,2,11,1045,1000,43,0,1,0,0,0,1
5,2,12,1045,1000,43,0,1,0,0,0,1
6,0,11,1052,998,52,0,1,0,0,0,1
6,0,12,1052,998,52,0,1,0,0,0,1
6,1,254,1052,998,52,0,1,0,0,0,1
6,2,10,1006,949,55,0,1,0,0,0,1
6,2,11,1045,1000,43,0,1,0,0,0,1
6,2,12,1045,1000,43,0,1,0,0,0,1
7,0,11,1052,998,52,0,1,0,0,0,1
7,0,12,1052,998,52,0,1,0,0,0,1
7,1,254,1052,998,52,0,1,0,0,0,1
7,2,10,1006,949,55,0,1,0,0,0,1
7,2,11,1045,1000,43,0,1,0,0,0,1
7,2,12,1045,1000,43,0,1,0,0,0,1
8,0,11,1052,998,52,0,1,0,0,0,1
8,0,12,1052,998,52,0,1,0,0,0,1
8,1,254,1052,998,52,0,1,0,0,0,1
8,2,10,1006,949,55,0,1,0,0,0,1
8,2,11,1045,1000,43,0,1,0,0,0,1
8,2,12,1045,1000,43,0,1,0,0,0,1
9,0,11,1052,998,52,0,1,0,0,0,1
9,0,12,1052,998,52,0,1,0,0,0,1
9,1,254,1052,998,52,0,1,0,0,0,1
9,2,10,1006,949,55,0,1,0,0,0,1
9,2,11,1045,1000,43,0,1,0,0,0,1
9,2,12,1045,1000,43,0,1,0,0,0,1
10,0,11,1052,998,52,0,1,0,0,0,1
10,0,12,1074,1000,52,19,1,0,1,0,1
10,1,254,1052,998,52,0,1,0,0,0,1
10,2,10,1006,949,55,0,1,0,0,0,1
10,2,11,1045,1000,43,0,1,0,0,0,1
10,2,12,1045,1000,43,0,1,0,0,0,1
11,0,11,1052,998,52,0,1,0,0,0,1
11,0,12,1052,998,52,0,1,0,0,0,1
11,1,254,1052,998,52,0,1,0,0,0,1
11,2,10,1006,949,55,0,1,0,0,0,1
11,2,11,1045,1000,43,0,1,0,0,0,1
11,2,12,1045,1000,43,0,1,0,0,0,1
12,0,11,1052,998,52,0,1,0,0,0,1
12,0,12,1052,998,52,0,1,0,0,0,1
12,1,254,1052,998,52,0,1,0,0,0,1
12,2,10,1006,949,55,0,1,0,0,0,1
12,2,11,1045,1000,43,0,1,0,0,0,1
12,2,12,1045,1000,43,0,1,0,0,0,1
13,0,11,1052,998,52,0,1,0,0,0,1
13,0,12,1052,998,52,0,1,0,0,0,1
13,1,254,1052,998,52,0,1,0,0,0,1
13,2,10,1006,949,55,0,1,0,0,0,1
13,2,11,1045,1000,43,0,1,0,0,0,1
13,2,12,1045,1000,43,0,1,0,0,0,1
14,0,11,1052,998,52,0,1,0,0,0,1
14,0,12,1052,998,52,0,1,0,0,0,1
14,1,254,1052,998,52,0,1,0,0,0,1
14,2,10,1006,949,55,0,1,0,0,0,1
14,2,11,1045,1000,43,0,1,0,0,0,1
14,2,12,1045,1000,43,0,1,0,0,0,1
15,0,11,1052,998,52,0,1,0,0,0,1
15,0,12,1074,1000,52,19,1,0,1,0,1
15,1,254,1052,998,52,0,1,0,0,0,1
15,2,10,1006,949,55,0,1,0,0,0,1
15,2,11,1045,1000,43,0,1,0,0,0,1
15,2,12,1045,1000,43,0,1,0,0,0,1
16,0,11,1052,998,52,0,1,0,0,0,1
16,0,12,1052,998,52,0,1,0,0,0,1
16,1,254,1052,998,52,0,1,0,0,0,1
16,2,10,1006,949,55,0,1,0,0,0,1
16,2,11,1045,1000,43,0,1,0,0,0,1
16,2,12,1045,1000,43,0,1,0,0,0,1
17,0,11,1052,998,52,0,1,0,0,0,1
17,0,12,1052,998,52,0,1,0,0,0,1
17,1,254,1052,998,52,0,1,0,0,0,1
17,2,10,1006,949,55,0,1,0,0,0,1
17,2,11,1045,1000,43,0,1,0,0,0,1
17,2,12,1045,1000,43,0,1,0,0,0,1
18,0,11,1052,998,52,0,1,0,0,0,1
18,0,12,1052,998,52,0,1,0,0,0,1
18,1,254,1052,998,52,0,1,0,0,0,1
18,2,10,1006,949,55,0,1,0,0,0,1
18,2,11,1045,1000,43,0,1,0,0,0,1
18,2,12,1045,1000,43,0,1,0,0,0,1
19,0,11,1052,998,52,0,1,0,0,0,1
19,0,12,1052,998,52,0,1,0,0,0,1
19,1,254,1052,998,52,0,1,0,0,0,1
19,2,10,1006,949,55,0,1,0,0,0,1
19,2,11,1045,1000,43,0,1,0,0,0,1
19,2,12,1045,1000,43,0,1,0,0,0,1
20,0,11,1052,998,52,0,1,0,0,0,1
20,0,12,1074,1000,52,19,1,0,1,0,1
20,1,254,1052,998,52,0,1,0,0,0,1
20,2,10,1006,949,55,0,1,0,0,0,1
20,2,11,1045,1000,43,0,1,0,0,0,1
20,2,12,1045,1000,43,0,1,0,0,0,1
21,0,11,1052,998,52,0,1,0,0,0,1
21,0,12,1052,998,52,0,1,0,0,0,1
21,1,254,1052,998,52,0,1,0,0,0,1
21,2,10,1006,949,55,0,1,0,0,0,1
21,2,11,1045,1000,43,0,1,0,0,0,1
21,2,12,1045,1000,43,0,1,0,0,0,1
22,0,11,1052,998,52,0,1,0,0,0,1
22,0,12,1052,998,52,0,1,0,0,0,1
22,1,254,1052,998,52,0,1,0,0,0,1
22,2,10,1006,949,55,0,1,0,0,0,1
22,2,11,1045,1000,43,0,1,0,0,0,1
22,2,12,1045,1000,43,0,1,0,0,0,1
23,0,11,1052,998,52,0,1,0,0,0,1
23,0,12,1052,998,52,0,1,0,0,0,1
23,1,254,1052,998,52,0,1,0,0,0,1
23,2,10,1006,949,55,0,1,0,0,0,1
23,2,11,1045,1000,43,0,1,0,0,0,1
23,2,12,1045,1000,43,0,1,0,0,0,1
24,0,11,1052,998,52,0,1,0,0,0,1
24,0,12,1052,998,52,0,1,0,0,0,1
24,1,254,1052,998,52,0,1,0,0,0,1
24,2,10,1006,949,55,0,1,0,0,0,1
24,2,11,1045,1000,43,0,1,0,0,0,1
24,2,12,1045,1000,43,0,1,0,0,0,1
